Date,URL,Title,Source,Country,LABEL,Generated Label,Generated Label (Number)
20240815T010000Z,https://borneobulletin.com.bn/explosions-reported-near-two-ships-off-yemen-security-agencies/,Explosions reported near two ships off Yemen : Security agencies,borneobulletin.com.bn,Brunei,2,3,3.0
20240903T104500Z,https://www.arkansasonline.com/news/2024/sep/03/houthi-rebels-hit-oil-tanker-in-red-sea/,Houthi rebels hit oil tanker in Red Sea | The Arkansas Democrat - Gazette,arkansasonline.com,United States,3,2,2.0
20240923T171500Z,https://gcaptain.com/category/marine-environment-news/,Environment Archives,gcaptain.com,United States,13,8,8.0
20240709T063000Z,https://www.marketscreener.com/quote/stock/NIPPON-YUSEN-KABUSHIKI-KA-6491189/news/Nippon-Yusen-Kabushiki-Kaisha-MPA-and-NYK-Forge-Partnership-to-Advance-Maritime-Sustainability-Di-47339975/,"Nippon Yusen Kabushiki Kaisha : MPA and NYK Forge Partnership to Advance Maritime Sustainability , Digitalisation and Manpower Development",marketscreener.com,,11,8,8.0
20240814T144500Z,https://manilastandard.net/news/314484147/blasts-reported-near-2-ships-off-yemen.html,Blasts reported near 2 ships off Yemen - Manila Standard,manilastandard.net,Philippines,2,3,3.0
20240913T210000Z,https://gcaptain.com/oil-tanker-breakaway-and-grounding-exposes-critical-gaps-in-emergency-management/,Oil Tanker Breakaway and Grounding Exposes Critical Gaps in Emergency Management,gcaptain.com,United States,11,8,8.0
20240705T071500Z,https://allafrica.com/stories/202407050113.html,"Nigeria : To Enhance Operation , NPA Acquires Tugboats for Dangote Refinery , Lekki Port",allafrica.com,Nigeria,11,12,12.0
20240903T223000Z,https://borneobulletin.com.bn/two-ships-hit-off-rebel-held-yemeni-region/,Two ships hit off rebel - held Yemeni region | Borneo Bulletin Online,borneobulletin.com.bn,Brunei,3,2,2.0
20240902T100000Z,https://www.devdiscourse.com/article/law-order/3071575-maritime-tensions-oil-tanker-struck-no-casualties-reported,"Maritime Tensions : Oil Tanker Struck , No Casualties Reported",devdiscourse.com,China,3,2,2.0
20240925T211500Z,https://www.jdsupra.com/legalnews/ofac-issues-warning-to-financial-6296360/,"OFAC Issues Warning to Financial â€ŽInstitutions & Insurers That â€ŽProvide Maritime Services in the â€ŽMediterranean , Red Sea and Middle East | Locke Lord LLP",jdsupra.com,United States,11,12,12.0
20240813T163000Z,https://en.portnews.ru/news/366541/,"Two ships report blasts in the Red Sea off Yemen , British maritime agencies say",en.portnews.ru,,3,2,2.0
20240822T233000Z,https://www.washingtoninstitute.org/policy-analysis/even-after-houthi-attacks-russia-linked-tankers-return-red-sea,"Even After Houthi Attacks , Russia - Linked Tankers Return to Red Sea",washingtoninstitute.org,Iran,3,12,12.0
20240903T031500Z,https://manilastandard.net/news/314492328/two-ships-hit-off-rebel-held-yemeni-region-maritime-agencies.html,Two ships hit off rebel - held Yemeni region maritime agencies,manilastandard.net,Philippines,3,2,2.0
20240831T104500Z,https://www.gdnonline.com:443/Details/1331485,World News : Salvage of stricken oil tanker  expected soon  ,gdnonline.com,United States,6,2,2.0
20240807T004500Z,http://www.maritimeprofessional.com/news/michigan-awards-million-maritime-infrastructure-395675,Michigan Awards $5 Million for Maritime Infrastructure Projects,maritimeprofessional.com,United States,12,4,4.0
20240828T204500Z,https://www.marinelink.com/news/second-nsmv-patriot-state-completes-sea-516462,Second NSMV Patriot State Completes Sea Trials,marinelink.com,United States,12,8,8.0
20240705T073000Z,https://thenationonlineng.net/investment-in-ports-will-reposition-maritime-sector/,  Investment in ports will reposition maritime sector  - The Nation Newspaper,thenationonlineng.net,Nigeria,11,4,4.0
20240913T230000Z,https://www.bankinfosecurity.com/chinese-crane-giant-poses-cybersecurity-threat-to-us-ports-a-26285,Chinese Crane Giant Poses Cybersecurity Threat to US Ports,bankinfosecurity.com,United States,11,12,12.0
20240710T121500Z,https://en.portnews.ru/news/365234/,South African Maritime Safety Authority try to rescue a cargo ship that ran aground on Cape west coast,en.portnews.ru,,6,2,2.0
20240705T003000Z,https://punchng.com/npa-launches-tug-boats-to-boost-ports-operations/,NPA launches tug boats to boost ports operations,punchng.com,Nigeria,11,4,4.0
20240925T121500Z,https://aninews.in/news/business/indias-container-handling-capacity-set-for-a-twofold-increase-in-five-years-sonowal20240925162814/,India Container Handling Capacity Set for a Twofold Increase in Five Years : Sonowal,aninews.in,India,12,4,4.0
20240908T161500Z,https://www.business-standard.com/india-news/new-liner-service-to-connect-jeddah-port-to-india-s-mundra-nhava-sheva-124090800538_1.html,"New liner service to connect Jeddah Port to India Mundra , Nhava Sheva",business-standard.com,India,4,12,12.0
20240724T111500Z,https://www.straitstimes.com/singapore/light-oil-sheens-reported-near-s-pore-flagged-tanker-involved-in-collision-off-pedra-branca-mpa,Oil seeping from Spore - flagged tanker involved in collision near Pedra Branca : Ship operator,straitstimes.com,Singapore,2,8,8.0
20240913T210000Z,https://gcaptain.com/russian-missile-strike-on-civilian-ship-in-black-sea-escalates-maritime-tensions/,Russian Missile Strike on Civilian Ship in Black Sea Escalates Maritime Tensions,gcaptain.com,United States,3,12,12.0
20240811T041500Z,https://menafn.com/1108538652/Maritime-Security-Market-Size-Is-Set-To-Grow-By-USD-362-Billion-From-2024-2028-Growing-Marine-Threats-Boost-The-Market-Technavio,"Maritime Security Market Size Is Set To Grow By USD 3 . 62 Billion From 2024 - 2028 , Growing Marine Threats Boost The Market , Technavio",menafn.com,Qatar,11,3,3.0
20240905T160000Z,https://www.marinelink.com/news/wrtsil-help-singapore-develop-next-516745,WÃ¤rtsilÃ¤ To Help Singapore Develop Next Generation,marinelink.com,United States,13,12,12.0
20240910T131500Z,https://gcaptain.com/fueleu-maritime-ready-for-2025/,FuelEU Maritime ready for 2025 ? ,gcaptain.com,United States,11,8,8.0
20240720T050000Z,https://www.dailymirror.lk/breaking-news/Fire-breaks-out-on-cargo-ship-en-route-to-Colombo-off-Goa/108-287687,Fire breaks out on cargo ship en route to Colombo off Goa - International,dailymirror.lk,Sri Lanka,4,2,2.0
20240830T113000Z,https://www.thehindu.com/news/national/maharashtra/pm-modi-lays-foundation-stone-of-vadhvan-port-in-maharashtras-palghar/article68585143.ece,PM Modi lays foundation stone of Vadhvan Port project in Maharashtra Palghar,thehindu.com,India,11,4,4.0
20240828T204500Z,https://www.marinelink.com/news/red-sea-insurance-nearly-doubles-latest-516459,Red Sea Insurance Nearly Doubles After Latest Ship,marinelink.com,United States,11,6,6.0
20240917T150000Z,https://www.rigzone.com/news/photos_attacked_oil_tanker_towed_to_safe_area-17-sep-2024-178130-article/,PHOTOS : Attacked Oil Tanker Towed to  Safe Area  ,rigzone.com,United States,3,2,2.0
20240905T223000Z,https://www.hellenicshippingnews.com/cargo-integrity-group-applauds-recent-msa-circular-emphasizes-ongoing-commitment-to-supply-chain-safety/,"Cargo Integrity Group Applauds Recent MSA Circular , Emphasizes Ongoing Commitment to Supply Chain Safety",hellenicshippingnews.com,China,12,6,6.0
20240807T183000Z,https://gcaptain.com/anonymised-data-can-drive-shippings-safety-culture-change/,Anonymised DataÂ Can Drive Shipping Â safety Culture Change,gcaptain.com,United States,12,7,7.0
20240904T121500Z,https://www.seatrade-maritime.com/ports-logistics/unlocking-opportunities-with-fmh-co-ltd-,Opportunities,seatrade-maritime.com,China,13,Please provide the news article so I can determine the appropriate category.,
20240717T133000Z,https://www.jacarandafm.com/news/news/largecargovesselstillanchoredalgoa/,Large cargo vessel still anchored in Algoa Bay after losing containers,jacarandafm.com,South Africa,1,6,6.0
20240912T153000Z,https://www.channelnewsasia.com/world/ukraine-says-russia-hit-civilian-grain-vessel-black-sea-4604171,Ukraine says Russia hit civilian grain vessel in Black Sea,channelnewsasia.com,United States,3,2,2.0
20240925T223000Z,https://www.prnewswire.com/news-releases/the-harbor-management-software-market-is-projected-to-grow-by-usd-25-46-million-from-2024-2028--with-ai-impacting-trends-and-rising-cloud-adoption-boosting-growth---technavio-302257140.html,"The harbor management software market is projected to grow by USD 25 . 46 Million from 2024 - 2028 , with AI impacting trends and rising cloud adoption boosting growth",prnewswire.com,United States,11,12,12.0
20240826T120000Z,https://trans.info/en/singapore-iscdi-395762,Singapore tops global ISCDI port rankings yet again,trans.info,,12,4,4.0
20240815T223000Z,https://mfame.guru/lloyds-register-core-power-launch-nuclear-containership-study/,"Lloyd Register , CORE POWER Launch Nuclear Containership Study",mfame.guru,,13,12,12.0
20240806T170000Z,https://allafrica.com/stories/202408060441.html,Tanzania : Tasac Tackles Tanzania - Comoros Maritime Hurdles,allafrica.com,Nigeria,12,4,4.0
20240909T171500Z,https://shipandbunker.com/news/apac/941396-singapores-first-fully-electric-cargo-vessel-starts-commercial-trials,Singapore First Fully Electric Cargo Vessel Starts Commercial Trials,shipandbunker.com,Singapore,12,8,8.0
20240831T131500Z,https://www.moneycontrol.com/news/world/yemens-houthi-rebels-suspected-of-firing-missiles-at-a-container-ship-as-an-oil-tanker-burns-12811340.html,Yemen Houthi rebels suspected of firing missiles at a container ship as an oil tanker burns,moneycontrol.com,India,3,5,5.0
20240711T191500Z,https://www.devdiscourse.com/article/headlines/3013858-irans-seizure-of-chevron-chartered-oil-tanker-sparks-international-tensions,Iran Seizure of Chevron - Chartered Oil Tanker Sparks International Tensions,devdiscourse.com,China,3,10,10.0
20240911T181500Z,https://www.porttechnology.org/news/port-of-oakland-seeking-development-for-howard-property/,Port of Oakland seeking development for Howard Property,porttechnology.org,China,7,4,4.0
20240830T081500Z,https://www.marinelink.com/news/samskip-joins-fuel-cell-retrofit-project-516530,Samskip Joins Fuel Cell Retrofit Project,marinelink.com,United States,13,8,8.0
20240824T200000Z,https://news.yahoo.com/news/fires-board-greek-flagged-tanker-060414887.html,"Fires on board Greek - flagged tanker after Houthi attack in Red Sea , says maritime agency",news.yahoo.com,United States,3,2,2.0
20240824T074500Z,https://us.cnn.com/2024/08/24/middleeast/oil-tanker-fire-red-sea-intl-hnk/,"Sounion : Fires on board Greek - flagged tanker after Houthi attack in Red Sea , says maritime agency",us.cnn.com,United States,13,2,2.0
20240918T190000Z,https://www.globenewswire.com/news-release/2024/09/18/2948557/0/en/Leading-Shipping-Companies-Presenting-at-Capital-Link-s-16th-Annual-New-York-Maritime-Forum-October-15-2024-in-New-York-City.html,Leading Shipping Companies Presenting at Capital Link ,globenewswire.com,United States,12,6,6.0
20240913T161500Z,https://gulfnews.com/your-money/saving-investment/piracys-perilous-impact-navigating-the-economic-storm-as-an-investor-1.1726211510186,Piracy perilous impact : Navigating the economic storm as an investor,gulfnews.com,United Arab Emirates,11,3,3.0
20240913T223000Z,https://www.theepochtimes.com/us/new-report-says-technology-built-into-chinese-made-cargo-cranes-could-be-a-trojan-horse-for-us-seaports-5723937,New Report Says Technology Built Into Chinese - Made Cargo Cranes Could Be a  Trojan Horse  for US Seaports,theepochtimes.com,United States,11,3,3.0
20240825T133000Z,https://leadership.ng/nsml-earns-united-kingdoms-mca-accreditation-for-courses/,NSML Earns United Kingdom MCA Accreditation For Courses,leadership.ng,Nigeria,13,12,12.0
20240709T084500Z,http://thepeninsulaqatar.com/article/09/07/2024/qatar-boosts-maritime-growth-with-new-shipping-event,Qatar boosts maritime growth with new shipping event,thepeninsulaqatar.com,Qatar,12,7,7.0
20240821T211500Z,https://www.devdiscourse.com/article/headlines/3059657-greek-tanker-adrift-after-houthi-attacks,Greek Tanker Adrift After Houthi Attacks,devdiscourse.com,China,3,2,2.0
20240921T141500Z,https://www.yahoo.com/news/vessel-carrying-20-000-tonnes-125300702.html,"Vessel carrying 20 , 000 tonnes of dangerous Russian cargo will sail past Denmark",yahoo.com,United States,4,10,10.0
20240715T163000Z,https://organiser.org/2024/07/15/247308/bharat/indias-port-print-augmenting-vizhinjam-port-to-make-bharat-dominant-player-in-global-maritime-trade/,India  Port  print augmenting : Vizhinjam Port to make Bharat dominant player in global maritime trade,organiser.org,India,4,12,12.0
20240919T094500Z,https://www.domain-b.com/economy/infrastructure/ports/pm-inaugurates-tuticorin-international-container-terminal,PM inaugurates Tuticorin International Container Terminal,domain-b.com,India,4,1,1.0
20240719T121500Z,https://www.newsx.com/world/massive-fires-engulf-two-oil-tankers-near-singapore-prompting-extensive-rescue-operations/,Massive Fires Engulf Two Oil Tankers Near Singapore,newsx.com,India,2,8,8.0
20240917T151500Z,https://www.zerohedge.com/commodities/burning-oil-tanker-successfully-towed-safe-area-amid-urgent-red-sea-salvage-operation,Burning Oil Tanker  Successfully Towed To Safe Area  Amid Urgent Red Sea Salvage Operation,zerohedge.com,United States,2,8,8.0
20240917T161500Z,https://oilprice.com/Geopolitics/Middle-East/Burning-Oil-Tanker-in-Red-Sea-Successfully-Towed-To-Safe-Area.html,Burning Oil Tanker in Red Sea,oilprice.com,United States,2,8,8.0
20240816T231500Z,https://www.hellenicshippingnews.com/grant-agreement-emethanolxwsolution-cinea-european-climate-infrastructure-and-environment-executive-agency/,"Grant agreement â€“ eMETHANOLxWSolution â€“ CINEA â€“ European Climate , Infrastructure and Environment Executive Agency",hellenicshippingnews.com,China,13,8,8.0
20240813T040000Z,https://www.straitstimes.com/asia/ship-captain-reports-incident-southwest-of-yemens-hodeidah-ukmto-says,UK maritime agencies report incidents near Yemen Hodeidah,straitstimes.com,Singapore,2,3,3.0
20240923T110000Z,https://www.straitstimes.com/singapore/singapore-flagged-ship-that-was-boarded-by-fbi-in-baltimore-cleared-to-resume-operation,Singapore - flagged ship that was boarded by FBI in Baltimore cleared to resume operation,straitstimes.com,Singapore,2,10,10.0
20240717T130000Z,https://www.straitstimes.com/asia/philippines-china-to-set-up-new-channels-to-handle-south-china-sea-rows-source-and-document-say,"Philippines , China to set up new channels to handle South China Sea rows , source and document say",straitstimes.com,Singapore,4,12,12.0
20240915T133000Z,https://www.straitstimes.com/asia/philippines-vessel-from-contested-south-china-sea-shoal-returns-to-port,"Philippines sends replacement ship to Sabina Shoal , vows continued presence",straitstimes.com,Singapore,3,12,12.0
20240706T173000Z,https://www.straitstimes.com/asia/china-anchors-monster-ship-in-south-china-sea-philippine-coast-guard-says,China anchors  monster ship  in South China Sea : Philippine Coast Guard,straitstimes.com,Singapore,11,10,10.0
20240827T104500Z,https://www.straitstimes.com/singapore/two-ships-in-transit-in-s-pore-suspected-of-carrying-toxic-waste-cargo-being-sent-back-to-albania,Two ships in transit in Spore suspected of carrying toxic waste ; cargo being sent back to Albania,straitstimes.com,Singapore,10,8,8.0
20240729T053000Z,https://www.straitstimes.com/asia/quad-foreign-ministers-meet-in-tokyo-for-talks-on-maritime-security-cyber,"Quad foreign ministers meet in Tokyo for talks on maritime security , cyber defence",straitstimes.com,Singapore,11,12,12.0
20240720T161500Z,https://www.straitstimes.com/asia/malaysia-coast-guard-says-tanker-involved-in-fire-near-pedra-branca-has-left-site,Malaysia coast guard says tanker involved in fire near Pedra Branca has left site,straitstimes.com,Singapore,10,2,2.0
20240724T200000Z,https://us.cnn.com/2024/07/24/opinions/china-monster-ship-aggression-problem-timme/,Opinion : China  monster  ship is a sign of a much bigger problem,us.cnn.com,United States,11,12,12.0
20240912T020000Z,https://www.straitstimes.com/asia/philippines-says-had-frank-candid-talks-with-china-on-south-china-sea,"Philippines says had  frank , candid  talks with China on South China Sea",straitstimes.com,Singapore,11,12,12.0
20240916T141500Z,https://www.straitstimes.com/asia/se-asia/philippines-in-a-race-against-time-to-stop-potential-china-takeover-of-disputed-shoal,Philippines in race against time to stop potential China takeover of disputed shoal,straitstimes.com,Singapore,11,12,12.0
20240920T060000Z,https://www.straitstimes.com/world/biden-quad-leaders-to-talk-maritime-security-as-china-tensions-grow,"Biden ,  Quad  leaders to talk maritime security as China tensions grow",straitstimes.com,Singapore,11,12,12.0
20240724T054500Z,https://edition.cnn.com/2024/07/23/asia/south-china-sea-deal-explainer-intl-hnk/,China and Philippines already at odds over South China Sea deal to ease Second Thomas Shoal tensions,edition.cnn.com,United States,11,12,12.0
20240901T014500Z,https://www.cnn.com/2024/08/31/asia/china-philippines-collision-south-china-sea-intl-latam/,China and Philippines trade blame over latest vessel collisions in disputed South China Sea,cnn.com,United States,11,2,2.0
20240721T084500Z,https://www.straitstimes.com/singapore/malaysia-coast-guard-locates-oil-tanker-involved-in-collision-off-singapore,Malaysia coast guard detains oil tanker involved in collision off Singapore,straitstimes.com,Singapore,10,2,2.0
20240725T020000Z,https://www.cnn.com/2024/07/24/politics/norad-russian-chinese-bombers-alaska/,NORAD intercepts Russian and Chinese bombers operating together near Alaska in apparent first,cnn.com,United States,11,12,12.0
20240812T043000Z,https://edition.cnn.com/2024/08/11/asia/philippines-china-airforce-flares-intl-hnk/,Philippines condemns China  illegal and reckles actions for dropping flares in the skies above South China Sea,edition.cnn.com,United States,11,12,12.0
20231218T153000Z,https://www.zerohedge.com/geopolitical/bp-halts-all-tanker-sailings-through-red-sea-uk-navy-receives-report-possible,"BP , Â Evergreen , Â Euronav Halt Sailings Through ChaoticÂ Red Sea AsÂ Insurers Demand  War Risk Coverage  ",zerohedge.com,United States,3,12,12.0
20231127T154500Z,https://en.globes.co.il/en/article-as-ships-reroute-cargo-prices-jump-1001463485,"As ships reroute , cargo prices jump",en.globes.co.il,Israel,1,4,4.0
20231010T210000Z,https://gcaptain.com/israel-ports-open-but-at-heightened-risk/,Israel Ports Open But At  Heightened Risk  ,gcaptain.com,United States,4,3,3.0
20231127T063000Z,https://www.manilatimes.net/2023/11/27/world/crew-of-israel-linked-tanker-seized-off-yemen-safe-us-official/1921715,Crew of Israel - linked tanker seized off Yemen  safe  â€“ US official,manilatimes.net,Philippines,2,10,10.0
20231129T191500Z,https://www.tradewindsnews.com/casualties/-numerous-reports-of-suspicious-activity-in-gulf-of-aden-after-houthi-hijack-and-pirate-boarding-says-ukmto/2-1-1562458,"  Numerou reports of suspicious activity in Gulf of Aden after Houthi hijack and pirate boarding , says UKMTO",tradewindsnews.com,China,5,3,3.0
20231011T220000Z,https://www.hellenicshippingnews.com/israels-ports-feel-strain-as-shipping-traffic-slows-after-attacks/,Israel ports feel strain as shipping traffic slows after attacks | Hellenic Shipping News Worldwide,hellenicshippingnews.com,China,3,4,4.0
20231215T204500Z,https://www.telegraph.co.uk/business/2023/12/15/christmas-deliveries-risk-shipping-giant-suspends-red-sea/,Christmas deliveries at risk as shipping giant suspends Red Sea journeys,telegraph.co.uk,United Kingdom,12,4,4.0
20231024T223000Z,https://foreignpolicy.com/2023/10/24/israel-hamas-war-gaza-shipping-imports-food-ports/,"Israel War With Hamas Is Disrupting Shipping , Imports",foreignpolicy.com,United States,12,4,4.0
20231126T181500Z,https://www.zerohedge.com/energy/us-navy-responding-after-militants-seize-israel-linked-oil-tanker-yemen,US Navy Responding After Militants Seize Israel - Linked Oil Tanker Off Yemen,zerohedge.com,United States,10,3,3.0
20231127T021500Z,https://www.singletonargus.com.au/story/8437936/tanker-in-middle-east-safe-after-us-navy-responds/,Tanker in Middle East safe after US Navy responds,singletonargus.com.au,Australia,3,10,10.0
20240101T223000Z,https://www.maritime-executive.com/article/eight-missing-after-new-bunker-vessel-collides-with-chinese-fishing-boat,Eight Missing After New Bunker Vessel Collides with Chinese Fishing Boat,maritime-executive.com,United States,6,2,2.0
20231007T000000Z,https://euromaidanpress.com/2023/10/06/reuters-turkish-cargo-ship-hit-a-mine-en-route-to-ukrainian-black-sea-port/,Reuters : Turkish cargo ship hit a mine en route to Ukrainian Black Sea port,euromaidanpress.com,Ukraine,11,2,2.0
20231016T180000Z,https://www.gmanetwork.com/news/topstories/world/885352/tanker-hits-mine-in-black-sea-sustains-minor-damage-sources/story/,"Tanker hits mine in Black Sea , sustains minor damage sources",gmanetwork.com,Philippines,6,2,2.0
20231005T220000Z,https://gcaptain.com/turkish-cargo-ship-hits-mine-in-black-sea/,Turkish Cargo Ship Hits Mine in Black Sea,gcaptain.com,United States,11,2,2.0
20221116T134500Z,https://www.ibtimes.com/tanker-hit-off-oman-says-israeli-controlled-shipping-firm-3636710,"Tanker Hit Off Oman , Says Israeli - controlled Shipping Firm",ibtimes.com,United States,12,2,2.0
20221122T184500Z,https://www.rigzone.com/news/pacific_zircon_style_incidents_dominated_indian_ocean_narrative_in_2021-22-nov-2022-171126-article/,Pacific Zircon Style Incidents Dominated Indian Ocean Narrative in 2021,rigzone.com,United States,2,9,9.0
20221116T160000Z,https://gcaptain.com/eastern-pacific-shipping-tanker-hit-by-projectile-off-oman/,Eastern Pacific Shipping Tanker Hit By  Projectile  Off Oman,gcaptain.com,United States,12,2,2.0
20221116T200000Z,https://www.aljazeera.com/news/2022/11/16/iran-confirms-release-of-two-seized-greek-tankers,Iran confirms release of two seized Greek tankers,aljazeera.com,United States,5,10,10.0
20221116T154500Z,https://www.al-monitor.com/originals/2022/11/israeli-owned-tanker-hit-drone-oman-coast,Israeli - owned tanker hit by drone off Oman coast,al-monitor.com,Israel,3,2,2.0
20221116T123000Z,https://www.ndtv.com/world-news/tanker-hit-by-projectile-off-oman-coast-says-israeli-owned-shipping-firm-3526144,"Tanker Hit By Projectile Off Oman Coast , Says Israeli - Owned Shipping Firm",ndtv.com,India,12,2,2.0
20211004T091500Z,https://www.cnn.com/travel/article/cargo-ships-sails-michelin-spc-intl/,Giant inflatable sails could make shipping greener,cnn.com,United States,12,8,8.0
20211222T101500Z,https://www.straitstimes.com/business/economy/boeing-airbus-see-more-demand-for-freighter-jets-as-more-cargo-is-moved-by-air,"Boeing , Airbus see more demand for freighter jets as more cargo is moved by air",straitstimes.com,Singapore,7,12,12.0
20211124T140000Z,https://www.straitstimes.com/asia/south-asia/sri-lanka-to-sign-new-container-port-deal-with-china,Sri Lanka to sign new container port deal with China,straitstimes.com,Singapore,11,4,4.0
20211015T061500Z,https://www.straitstimes.com/singapore/politics/fpda-members-mark-golden-jubilee-with-flypast-naval-vessel-display-at-marina,"FPDA nations to mark 50 years with flypast , naval vessel display off Marina South on Oct 18",straitstimes.com,Singapore,12,8,8.0
20211012T023000Z,https://www.cnn.com/2021/10/11/business/maersk-rape-investigation-merchant-marine/,  I was trapped : Shipping giant investigates alleged rape of 19 - year - old during federal training program,cnn.com,United States,7,5,5.0
20211017T164500Z,https://www.straitstimes.com/world/united-states/coast-guard-boards-vessel-that-dragged-anchor-near-pipeline,US Coast Guard boards vessel that dragged anchor near California pipeline,straitstimes.com,Singapore,11,2,2.0
20211130T181500Z,https://www.cnn.com/2021/11/30/business/amazon-walmart-port-pollution/,"Amazon , Walmart and the world biggest retailers are making port congestion and pollution worse , new report finds",cnn.com,United States,4,8,8.0
20211208T211500Z,https://www.cnn.com/2021/12/08/politics/iranian-missiles-and-petroleum-seized-forfeited/,US Navy seized Iranian petroleum products and hundreds of missiles from vessels in Arabian Sea,cnn.com,United States,5,10,10.0
20211214T141500Z,https://www.cnn.com/2021/12/14/americas/haiti-gasoline-tanker-explosion-intl/,At least 54 dead after gas tanker explodes in Haiti second largest city,cnn.com,United States,6,9,9.0
20211107T061500Z,https://www.straitstimes.com/world/at-least-99-killed-in-fuel-tanker-blast-in-sierra-leone-capital,At least 99 killed in fuel tanker blast in Sierra Leone capital,straitstimes.com,Singapore,6,9,9.0
20211013T151500Z,https://www.straitstimes.com/business/vessels-arriving-off-schedule-in-singapore-due-to-congestion-at-other-ports-but-service,"Vessels arriving late in Spore due to congestion at other ports , disrupting global supply chain",straitstimes.com,Singapore,1,4,4.0
20211108T190000Z,https://www.cnn.com/2021/11/08/africa/sierra-leone-tanker-blast-115-dead-intl/,Sierra Leone tanker blast death toll rises to 115,cnn.com,United States,6,2,2.0
20220101T180000Z,https://www.cnn.com/2021/07/31/middleeast/iran-israel-tanker-attack-drone-oman-intl/,Deadly drone attack on tanker escalates Iran - Israel maritime tensions,cnn.com,United States,1,3,3.0
20201205T004500Z,https://www.shippingandfreightresource.com/thousands-of-containers-overboard-in-worst-containership-disaster-one-apus/,Thousands of containers overboard in worst containership disaster - ONE Apus,shippingandfreightresource.com,,9,2,2.0
20201026T110000Z,https://www.heraldscotland.com/news/national-news/18821248.military-assistance-requested-tanker-stowaway-incident/,Military assistance requested over tanker stowaway incident,heraldscotland.com,United Kingdom,2,5,5.0
20201025T093000Z,https://www.siasat.com/russian-oil-tanker-suffers-explosion-3-crew-members-missing-2007312/,"Russian oil tanker suffers explosion , 3 crew members missing",siasat.com,India,6,2,2.0
20201214T133000Z,https://www.timesnownews.com/international/article/explosion-onboard-oil-tanker-in-saudi-arabia-shipping-firm-hafnia-says-vessel-hit-by-external-source/694452,Explosion onboard oil tanker in Saudi Arabia ; shipping firm Hafnia says vessel hit by  external source  ,timesnownews.com,India,12,2,2.0
20201214T063000Z,https://www.marketwatch.com/story/oil-tanker-suffers-explosion-after-being-hit-by-external-source-near-saudi-arabias-port-city-01607926153,Oil tanker suffers explosion after being hit by  external source  near Saudi Arabia port city,marketwatch.com,United States,13,2,2.0
20201214T050000Z,https://www.aninews.in/news/world/asia/explosion-on-ship-in-saudi-aramco-jeddha-port-area20201214091203/,Explosion on ship in Saudi Aramco Jeddha port area,aninews.in,India,6,2,2.0
20201125T174500Z,https://www.upstreamonline.com/safety/possible-mine-blast-hits-greek-oil-tanker-in-saudi-waters/2-1-919332,Possible mine blast hits Greek oil tanker in Saudi waters,upstreamonline.com,United States,11,2,2.0
20201214T063000Z,https://www.foxnews.com/world/explosion-reported-on-oil-tanker-off-saudi-arabia-believed-caused-by-external-source,Explosion reported on oil tanker off Saudi Arabia believed caused by  external source  ,foxnews.com,United States,13,2,2.0
20201214T063000Z,https://www.marketwatch.com/story/oil-tanker-suffers-explosion-after-being-hit-by-external-source-near-saudi-arabias-port-city-01607926153,Oil tanker suffers explosion after being hit by  external source  near Saudi Arabia port city,marketwatch.com,United States,13,2,2.0
20201125T154500Z,https://www.marinelink.com/news/tanker-damaged-mine-saudi-terminal-483481,Tanker Damaged By Mine At Saudi Terminal,marinelink.com,United States,6,2,2.0
20201104T134500Z,https://uk.style.yahoo.com/police-dealing-vessel-incident-amid-145830068.html,Police dealing with vessel incident amid tanker hijacking bid reports,uk.style.yahoo.com,United States,2,3,3.0
20201214T170000Z,https://www.taipeitimes.com/News/world/archives/2020/12/15/2003748767,Explosion rocks Singapore tanker off port in Jeddah,taipeitimes.com,Taiwan,6,2,2.0
20201215T030000Z,https://www.dawn.com/news/1595837/blast-rocks-singapore-flagged-tanker-at-saudi-port,Blast rocks Singapore - flagged tanker at Saudi port - Newspaper,dawn.com,Pakistan,6,2,2.0
20201231T121500Z,https://www.shippingandfreightresource.com/one-apus-container-stack-collapse-update-31st-dec/,ONE Apus â€“ Container stack collapse â€“ Update â€“ 31st Dec,shippingandfreightresource.com,,6,2,2.0
20201211T013000Z,https://in.reuters.com/article/global-shipping-container-idINL1N2IR01L,RPT - Boxed out : China exports pinched by global run on shipping containers,in.reuters.com,United States,12,4,4.0
20221102T083000Z,https://www.straitstimes.com/business/indonesia-plans-to-pump-oil-out-of-supertanker-grounded-near-singapore-gas-pipeline,Indonesia plans to pump oil out of supertanker grounded near Singapore gas pipeline,straitstimes.com,Singapore,10,2,2.0
20221105T081500Z,https://tnp.straitstimes.com/news/business/us-sanctions-owner-supertanker-grounded-near-singapore-over-links-iran-backed,US sanctions owner of supertanker grounded near Singapore over links to Iran - backed Hizbollah,tnp.straitstimes.com,Singapore,11,5,5.0
20221108T051500Z,https://www.straitstimes.com/business/indonesia-us-in-talks-to-refloat-supertanker-grounded-near-gas-pipeline-supplying-s-pore,"Indonesia , US in talks to refloat supertanker grounded near gas pipeline supplying Spore",straitstimes.com,Singapore,10,1,1.0
20221005T094500Z,https://www.straitstimes.com/business/companies-markets/spore-looking-at-expansion-of-lng-and-biofuel-bunkering-operations-in-port,Spore looking at expansion of LNG and biofuel bunkering operations in port,straitstimes.com,Singapore,12,8,8.0
20221202T134500Z,https://tnp.straitstimes.com/news/singapore/empty-containers-fell-sea-keppel-terminal-being-recovered-psa,Empty containers that fell into sea at Keppel Terminal being recovered : PSA,tnp.straitstimes.com,Singapore,6,2,2.0
20221204T020000Z,https://stomp.straitstimes.com/singapore-seen/15-empty-containers-blown-into-sea-by-strong-winds-at-keppel-terminal-retrieved,15 empty containers blown into sea by strong winds at Keppel Terminal retrieved,stomp.straitstimes.com,Singapore,6,9,9.0
20221007T024500Z,https://www.straitstimes.com/asia/east-asia/south-korea-us-to-stage-drills-with-aircraft-carrier-after-north-korean-missile-launches,"South Korea , US stage drills with aircraft carrier after North Korean missile launches",straitstimes.com,Singapore,11,12,12.0
20221105T081500Z,https://www.straitstimes.com/business/us-sanctions-owner-of-supertanker-grounded-near-s-pore-over-links-to-iran-backed-hizbollah,US sanctions owner of supertanker grounded near Spore over links to Iran - backed Hizbollah,straitstimes.com,Singapore,11,5,5.0
20231024T094500Z,https://www.straitstimes.com/world/europe/several-missing-after-freighters-collide-in-german-north-sea,Several missing after freighters collide in German North Sea,straitstimes.com,Singapore,6,2,2.0
20231220T203000Z,https://www.cnn.com/2023/12/20/business/ikea-houthi-red-sea-attacks-delays/,"Ikea facing delays , disruption due to Red Sea attacks",cnn.com,United States,1,3,3.0
20231026T114500Z,https://www.reuters.com/world/middle-east/iraqi-pro-gaza-protesters-block-oil-tanker-trucks-entering-jordan-2023-10-26/,Iraqi pro - Gaza protesters block oil tanker trucks from entering Jordan,reuters.com,United States,7,4,4.0
20231120T123000Z,https://www.cnbc.com/2023/11/20/yemens-houthi-militants-seize-cargo-ship-in-the-red-sea.html,Yemen Houthi militants seize cargo ship in the Red Sea,cnbc.com,United States,10,3,3.0
20231005T161500Z,https://edition.cnn.com/2023/10/05/europe/russia-naval-assets-sevastopol-intl/,Crimea : Satellite imagery indicates Russia moving navy ships to other ports after Sevastopol attacks,edition.cnn.com,United States,3,10,10.0
20231019T114500Z,https://www.reuters.com/markets/commodities/crunch-time-brazil-ports-coffee-flow-hit-sugar-faces-delays-2023-10-19/,"Crunch time for Brazil ports as coffee flow hit , sugar faces delays",reuters.com,United States,1,4,4.0
20231225T024500Z,https://www.straitstimes.com/asia/philippine-actions-in-south-china-sea-extremely-dangerous-chinese-state-media,Philippine actions in South China Sea  extremely dangerou - Chinese state media,straitstimes.com,Singapore,11,12,12.0
20231117T193000Z,https://www.todayonline.com/world/grain-ship-lightly-damaged-ukraine-likely-hit-sea-mine-sources-2307961,"Grain ship lightly damaged off Ukraine , likely hit sea mine - sources",todayonline.com,China,6,2,2.0
20231007T000000Z,https://euromaidanpress.com/2023/10/06/reuters-turkish-cargo-ship-hit-a-mine-en-route-to-ukrainian-black-sea-port/,Reuters : Turkish cargo ship hit a mine en route to Ukrainian Black Sea port,euromaidanpress.com,Ukraine,11,2,2.0
20201118T093000Z,https://gcaptain.com/pirates-kidnap-19-in-two-separate-incidents-in-gulf-of-guinea-dryad/,Pirates Kidnap 19 in Two Separate Incidents in Gulf of Guinea - Dryad â€“ gCaptain,gcaptain.com,United States,2,3,3.0
20201118T224500Z,https://gcaptain.com/u-s-import-boom-delaying-cargo-at-nations-busiest-port/,U . S . Import Boom Delaying Cargo at Nation Busiest Port â€“ gCaptain,gcaptain.com,United States,1,4,4.0
20201221T183000Z,https://gcaptain.com/traders-at-odds-with-china-import-ban-keep-coal-cargoes-in-limbo/,Traders at Odds With China Import Ban Keep Coal Cargoes in Limbo â€“ gCaptain,gcaptain.com,United States,11,10,10.0
20201215T011500Z,https://gcaptain.com/hafnia-confirms-tanker-bw-rhine-hit-by-explosion-in-saudi-arabia/,Hafnia Confirms Tanker BW Rhine Hit by Explosion in Saudi Arabia â€“ gCaptain,gcaptain.com,United States,6,2,2.0
20201217T200000Z,https://gcaptain.com/general-cargo-ship-goes-missing-off-vietnam/,General Cargo Ship Goes Missing Off Vietnam â€“ gCaptain,gcaptain.com,United States,6,2,2.0
20201223T223000Z,https://gcaptain.com/clogged-u-k-port-reopens-in-chaos-as-truckers-await-covid-tests/,Clogged U . K . Port Reopens in Chaos as Truckers Await Covid Tests â€“ gCaptain,gcaptain.com,United States,7,4,4.0
20201228T213000Z,https://gcaptain.com/loading-of-more-than-140-grains-ships-in-argentina-delayed-due-to-strike/,Loading of More Than 140 Grains Ships in Argentina Delayed Due to Strike â€“ gCaptain,gcaptain.com,United States,1,4,4.0
20201228T170000Z,https://gcaptain.com/murmansk-trawler-sinking/,Russian Trawler Sinks in Barents Sea with 17 Missing â€“ gCaptain,gcaptain.com,United States,6,2,2.0
20221122T011500Z,https://gcaptain.com/drone-fired-rocket-hits-offshore-oil-terminal-in-yemen/,Drone - Fired Rocket Hits Offshore Oil Terminal in Yemen,gcaptain.com,United States,3,12,12.0
20221027T151500Z,https://gcaptain.com/unwanted-russian-oil-singapore/,Unwanted Russian Oil Fills Singapore Anchorage,gcaptain.com,United States,8,4,4.0
20221206T183000Z,https://gcaptain.com/turkish-tanker-jam-leaves-millions-of-barrels-stuck-at-sea/,Turkish Tanker Jam Leaves Millions of Barrels Stuck at Sea,gcaptain.com,United States,4,1,1.0
20221122T224500Z,https://gcaptain.com/u-s-navy-confirms-iranian-drone-struck-tanker-in-middle-east/,U . S . Navy Confirms Iranian Drone Struck Tanker in Middle East,gcaptain.com,United States,7,3,3.0
20221107T200000Z,https://gcaptain.com/grounded-supertanker-could-take-a-month-to-free-indonesia-navy/,Grounded Supertanker Could Take a Month to Free - Indonesia Navy,gcaptain.com,United States,10,1,1.0
20221116T160000Z,https://gcaptain.com/eastern-pacific-shipping-tanker-hit-by-projectile-off-oman/,Eastern Pacific Shipping Tanker Hit By  Projectile  Off Oman,gcaptain.com,United States,12,2,2.0
20221025T201500Z,https://gcaptain.com/carnival-halts-asian-cruises-as-chinas-covid-zero-policy-bites/,Carnival Halts Asia Cruises AsÂ China Covid Zero Policy Bites,gcaptain.com,United States,11,12,12.0
20240820T173000Z,https://gcaptain.com/russian-oil-takes-long-route-to-asia-avoiding-red-sea/,"Russian Oil Takes Long Route to Asia , Avoiding Red Sea",gcaptain.com,United States,11,4,4.0
20240809T181500Z,https://gcaptain.com/watch-huge-explosion-on-containership-ym-mobility-at-ningbo-zhoushan-port/,Watch : Huge Explosion on Containership YM Mobility at Ningbo - Zhoushan Port,gcaptain.com,United States,6,2,2.0
20211007T021500Z,https://www.msn.com/en-xl/asia/srilanka/slpa-successfully-assists-stricken-container-ship/ar-AAPdwex,SLPA successfully assists stricken container ship,msn.com,United States,2,1,1.0
20211104T163000Z,https://www.seattlemet.com/news-and-city-life/2021/11/seattle-shipping-container-s-supply-chain-journey,Seattle Stacked Shipping Containers Mask a Supply Chain Whirlwind,seattlemet.com,United States,12,4,4.0
20211204T073000Z,https://www.maritime-executive.com/article/first-berths-at-singapore-s-gigantic-tuas-port-set-enter-service,First Berths at Singapore Gigantic Tuas Port Set Enter Service,maritime-executive.com,United States,4,12,12.0
20211119T060000Z,https://www.thehindubusinessline.com/economy/logistics/hazardous-cargo-containers-shipped-from-pakistan-to-china-seized-at-mundra-port/article37573179.ece,Hazardous cargo containers shipped from Pakistan to China seized at Mundra Port,thehindubusinessline.com,India,5,10,10.0
20211206T050000Z,https://www.netwerk24.com/netwerk24/za/weslander/nuus/container-ship-msc-trieste-in-port-for-repairs-20211201-2,Container ship MSC Trieste in port for repairs,netwerk24.com,South Africa,2,6,6.0
20211102T044500Z,https://www.bnnbloomberg.ca/ships-queues-worsen-port-delays-from-singapore-to-piraeus-1.1675498,Ships Queues Worsen Port Delays From Singapore to Piraeus,bnnbloomberg.ca,Canada,1,4,4.0
20211022T181500Z,http://www.businessnorth.com/daily_briefing/expanded-maritime-container-capability-available-in-duluth/article_3aeb5396-334c-11ec-9db9-73a7c4dac1f3.html,Expanded maritime container capability available in Duluth,businessnorth.com,United States,12,4,4.0
20211122T123000Z,https://www.hellenicshippingnews.com/shanghais-yangshan-open-for-foreign-vessels-as-international-cargo-relay-port/,Shanghai Yangshan open for foreign vessels as international cargo - relay port | Hellenic Shipping News Worldwide,hellenicshippingnews.com,China,12,4,4.0
20211103T043000Z,https://economictimes.indiatimes.com/small-biz/trade/exports/insights/ships-queues-worsen-port-delays-from-singapore-to-piraeus/articleshow/87500166.cms,port : Ships queues worsen port delays from Singapore to Piraeus,economictimes.indiatimes.com,India,1,4,4.0
20211203T081500Z,https://www.thomasnet.com/insights/5-largest-ports-in-the-world/,5 Largest Ports in the World,thomasnet.com,United States,12,4,4.0
20211211T011500Z,http://www.frontpagemag.com/point/2021/12/california-supply-chain-crisis-solved-hiding-it-daniel-greenfield/,California Supply Chain Crisis Solved ... By Hiding It In the Sea,frontpagemag.com,United States,4,8,8.0
20211102T120000Z,https://www.freshfruitportal.com/news/2021/11/02/ship-queues-worsen-port-delays-around-the-world/,Ship queues worsen port delays around the world - FreshFruitPortal . com,freshfruitportal.com,United States,1,4,4.0
20211111T223000Z,https://www.hellenicshippingnews.com/us-senator-proposes-125m-in-grants-to-reroute-container-ships/,US senator proposes $125M in grants to reroute container ships | Hellenic Shipping News Worldwide,hellenicshippingnews.com,China,12,4,4.0
20211130T184500Z,https://www.freshplaza.com/article/9378555/banana-reefer-ship-strikes-seawall-while-departing-japanese-port/,Banana reefer ship strikes seawall while departing Japanese port,freshplaza.com,China,11,2,2.0
20211026T134500Z,https://tass.com/defense/1354197,Russian Defense Ministry posts clip of marines freeing ship from pirates in African waters,tass.com,,12,3,3.0
20211102T154500Z,https://www.ttnews.com/articles/ship-queues-worsen-port-delays-singapore-greece,Ship Queues Worsen Port Delays From Singapore to Greece,ttnews.com,United States,1,4,4.0
20211205T221500Z,https://tass.com/world/1371087,Polish Maritime Office confirms detention of Russian vessel in Baltic Sea,tass.com,,12,10,10.0
20211014T200000Z,https://www.bloodhorse.com/horse-racing/articles/tag/cargo-travel,Cargo travel Headlines - Page 1 of 1,bloodhorse.com,United States,12,1,1.0
20211115T204500Z,https://www.marketscreener.com/news/latest/FMC-Effort-Will-Examine-How-Data-Can-Improve-Ocean-Cargo-Velocity--37031579/,FMC Effort Will Examine How Data Can Improve Ocean Cargo Velocity,marketscreener.com,,12,4,4.0
20211228T214500Z,https://neworleanscitybusiness.com/blog/2021/12/28/book-of-lists-newsmaker-port-todd-rives/,Book of Lists Newsmaker â€“ Port : Todd Rives | New Orleans CityBusiness,neworleanscitybusiness.com,United States,12,4,4.0
20211116T133000Z,https://www.offshore-energy.biz/dcsa-new-standards-to-enable-jit-arrivals/,DCSA : New standards enable just - in - time arrivals,offshore-energy.biz,,12,4,4.0
20211218T003000Z,https://www.bizjournals.com/stlouis/news/2021/12/17/mississippi-river-cargo-hub-st-louis-shipping-hub.html,Developers back new Mississippi River cargo port that could make St . Louis a shipping hub,bizjournals.com,United States,12,4,4.0
20211130T024500Z,https://pakobserver.net/kpt-to-build-six-lane-bridge-connecting-east-and-west-wharves/,"KPT to build six - lane bridge , connecting east and west wharves",pakobserver.net,Pakistan,12,4,4.0
20211102T174500Z,https://tass.com/economy/1357159,Cargo for Rooppur NPP in Bangladesh to be supplied over Northern Sea Route,tass.com,,11,12,12.0
20211203T120000Z,https://www.offshore-energy.biz/psa-one-set-up-eco-friendly-barge-service/,"PSA , ONE set up eco - friendly barge service at Jurong Island Terminal",offshore-energy.biz,,12,8,8.0
20211116T181500Z,https://www.marineinsight.com/shipping-news/complete-framework-of-just-in-time-standards-for-main-port-call-activities-dcsa/,Complete Framework Of Just - In - Time Standards For Main Port Call Activities : DCSA,marineinsight.com,United States,12,4,4.0
20211206T230000Z,https://www.theepochtimes.com/ships-continue-to-flood-the-la-ports_4141655.html,Ships Continue to Flood the LA Ports,theepochtimes.com,United States,9,4,4.0
20211202T060000Z,https://www.msn.com/en-us/money/news/supply-chain-chaos-is-causing-ship-emissions-to-jump/ar-AARn7Fd,Supply chain chaos is causing ship emissions to jump,msn.com,United States,12,8,8.0
20211105T231500Z,https://www.timescolonist.com/local-news/damaged-container-ship-gets-green-light-to-move-to-port-in-nanaimo-or-vancouver-4729893,Damaged container ship gets green light to move to port in Nanaimo or Vancouver,timescolonist.com,Canada,4,6,6.0
20211213T083000Z,https://www.dailymail.co.uk/news/article-10303585/Two-cargo-ships-one-British-collide-Baltic-Sea.html,Two cargo ships - one British - collide in the Baltic Sea,dailymail.co.uk,United Kingdom,12,2,2.0
20211228T180000Z,https://www.urdupoint.com/en/middle-east/jebel-ali-port-receives-kaiso-line039s-mv-1437384.html,Jebel Ali Port Receives Kaiso Lines MV Atlantic Pioneer,urdupoint.com,Pakistan,4,1,1.0
20221203T071500Z,https://www.malaymail.com/news/singapore/2022/12/03/strong-winds-send-15-empty-shipping-containers-falling-into-sea-at-singapores-keppel-terminal-video/43249,Strong winds send 15 empty shipping containers falling into sea at Singapore Keppel Terminal ( VIDEO ) ,malaymail.com,United States,6,9,9.0
20221102T104500Z,https://lloydslist.maritimeintelligence.informa.com/LL1142767/VLCC-master-warned-of-grounding-risk-says-MPA,"VLCC master warned of grounding risk , says MPA",lloydslist.maritimeintelligence.informa.com,United Kingdom,12,10,10.0
20221202T133000Z,https://en.portnews.ru/news/339546/,15 empty containers at Keppel Terminal in the port of Singapore fall into the water due to squall,en.portnews.ru,,4,9,9.0
20221025T124500Z,https://shipandbunker.com/news/apac/652059-vessel-held-in-singapore,Vessel Held in Singapore,shipandbunker.com,Singapore,12,10,10.0
20221213T201500Z,https://www.marinelink.com/news/singapore-bunker-sales-hit-month-high-501561,Singapore Bunker Sales Hit 22 - Month High,marinelink.com,United States,12,6,6.0
20221214T030000Z,https://gcaptain.com/singapore-bunker-fuel-sales-hit-22-month-high-in-november/,Singapore Bunker Fuel Sales Hit 22 - Month High in November,gcaptain.com,United States,12,8,8.0
20221019T154500Z,https://focustaiwan.tw/society/202210190025,Port authorities accused of endangering stuck Indonesian sailor lives,focustaiwan.tw,Taiwan,4,2,2.0
20221215T154500Z,https://www.maersk.com/news/articles/2022/12/15/north-america-market-update-december,Maersk North America Market Update ( December 2022 ) ,maersk.com,,12,1,1.0
20221022T030000Z,https://www.geelongadvertiser.com.au/breaking-news/cargo-ship-rio-madeira-stranded-after-power-failure/news-story/4082cc4ab8345e038dde8f5baed31fb3?nk=19da256ca87c5517ebeed05003633b99-1666406818,"Rio Madeira : Ship stranded off NSW south coast , AMSA says",geelongadvertiser.com.au,Australia,12,2,2.0
20221116T144500Z,https://www.france24.com/en/middle-east/20221116-tanker-owned-by-israeli-billionaire-hit-off-oman-s-coast,Tanker owned by Israeli billionaire hit off Oman coast,france24.com,France,12,2,2.0
20221109T013000Z,https://www.malaymail.com/news/singapore/2022/11/09/singapore-helps-to-rescue-over-300-suspected-migrants-from-sinking-boat-off-vietnam/38415,Singapore helps to rescue over 300 suspected migrants from sinking boat off Vietnam,malaymail.com,United States,9,2,2.0
20221101T101500Z,https://www.seatrade-maritime.com/casualty/singapore-warned-djibouti-flagged-vlcc-prior-grounding,Singapore warned Djibouti - flagged VLCC prior to grounding,seatrade-maritime.com,China,12,2,2.0
20230101T211500Z,https://www.gulf-times.com/article/652502/qatar/qatar-witnesses-85-year-on-year-surge-in-cargoes-in-december,Qatar witnesses 85 % year - on - year surge in cargoes in December,gulf-times.com,Qatar,12,4,4.0
20221220T153000Z,https://www.manilatimes.net/2022/12/21/business/maritime/ictsi-signs-new-30-year-lease-for-baltic-terminal-in-poland/1871076,ICTSI signs new 30 - year lease for Baltic Terminal in Poland,manilatimes.net,Philippines,12,4,4.0
20221116T120000Z,https://www.thejournal.ie/oil-tanker-drone-hit-oman-5921140-Nov2022/,Oil tanker  hit by bomb - carrying drone  off coast of Oman,thejournal.ie,Ireland,12,3,3.0
20221207T204500Z,https://www.news24.com/news24/SouthAfrica/News/watch-mystery-surrounds-presence-of-us-sanctioned-russian-ship-in-simons-town-20221207,WATCH | Mystery surrounds presence of US - sanctioned Russian ship in Simon Town,news24.com,South Africa,12,10,10.0
20221221T110000Z,https://www.offshore-energy.biz/msc-resilient-iii-crew-member-dies-following-onboard-incident-in-bluff-new-zealand/,"MSC Resilient IIIÂ crew member dies following onboard incident in Bluff , New Zealand",offshore-energy.biz,,12,2,2.0
20221228T141500Z,https://www.thehindu.com/news/cities/Kochi/police-register-case-on-death-of-ships-captain/article66313515.ece,Police register case on death of ship captain,thehindu.com,India,12,2,2.0
20221214T083000Z,https://www.thesundaily.my/business/northport-sets-new-record-in-cargo-business-segment-BH10359392,Northport sets new record in cargo business segment,thesundaily.my,Malaysia,4,6,6.0
20221206T124500Z,https://www.rigzone.com:443/news/little_incident_activity_globally_notes_maritime_security_update-06-dec-2022-171277-article/,Little Incident Activity Globally Notes Maritime Security Update,rigzone.com,United States,12,3,3.0
20221207T020000Z,https://www.rnz.co.nz/news/national/480280/engineer-fined-over-huge-fire-at-napier-port,Engineer fined over huge fire at Napier Port,rnz.co.nz,,4,2,2.0
20221221T150000Z,https://www.ship-technology.com/news/ictsi-lease-baltic-container-terminal/,ICTSI reaches 30 - year lease extension for Baltic Container Terminal,ship-technology.com,United States,12,4,4.0
20221018T084500Z,https://www.malaymail.com/news/money/mediaoutreach/2022/10/18/dhl-ocean-freight-rate-moving-towards-manageable-levels/170565,DHL : Ocean freight rate moving towards manageable levels,malaymail.com,United States,12,1,1.0
20221018T104500Z,https://bdnews24.com/bangladesh/0ggpvbnije,Body found in container sent from Chattogram to Malaysia,bdnews24.com,Bangladesh,12,5,5.0
20221031T144500Z,https://www.marinelink.com/news/video-tanker-runs-aground-singapore-500579,VIDEO : Tanker Runs Aground In Singapore Strait,marinelink.com,United States,12,2,2.0
20221102T184500Z,https://www.nytimes.com/2022/11/02/us/goran-gogic-boxer-cocaine-charged.html,Former Heavyweight Boxer Charged With Trafficking $1 Billion of Cocaine,nytimes.com,United States,12,5,5.0
20221024T211500Z,https://maritime-executive.com/article/maersk-operated-boxship-lost-power-off-australian-coast,Maersk Operated Boxship Lost Power off Australian Coast,maritime-executive.com,United States,12,2,2.0
20221230T180000Z,https://advancedbiofuelsusa.info/chevron-one-wrap-up-biofuel-bunkering-on-4800-teu-containership/,"Chevron , ONE Wrap up Biofuel Bunkering on 4 , 800 TEU Containership â€“ Advanced BioFuels united states ",advancedbiofuelsusa.info,United States,12,8,8.0
20221011T150000Z,https://www.hellenicshippingnews.com/california-steams-past-federal-maritime-commission-on-detention-and-demurrage-prohibitions/,California Steams Past Federal Maritime Commission on Detention and Demurrage Prohibitions,hellenicshippingnews.com,China,12,10,10.0
20221110T044500Z,https://www.newsfirst.lk/2022/11/10/sri-lankan-migrants-in-vietnam-will-be-repatriated-soon,Sri Lankan migrants in Vietnam will be repatriated soon,newsfirst.lk,Sri Lanka,9,12,12.0
20221109T183000Z,https://menafn.com/1105157547/Sri-Lanka-Seeks-Repatriation-Of-303-People-Rescued-From-Distressed-Vessel,Sri Lanka Seeks Repatriation Of 303 People Rescued From Dist ... ,menafn.com,Qatar,9,12,12.0
20221109T194500Z,https://www.prokerala.com/news/articles/a1361816.html,SL plans early repatriation of 303 rescued from sea while attempting to sail to< / p><p>Canada,prokerala.com,India,9,2,2.0
20221104T143000Z,https://www.irrawaddy.com/news/burma/amnesty-demands-oil-importers-stop-myanmars-air-force-fuel-supplies.html,Amnesty Demands Oil Importers Stop Myanmar Air Force Fuel Supplies,irrawaddy.com,Myanmar,4,12,12.0
20221202T130000Z,https://www.asiaone.com/singapore/gone-wind-15-shipping-containers-fall-water-keppel-terminal-due-strong-winds,Gone with the wind : 15 shipping containers fall into water at Keppel Terminal due to strong winds,asiaone.com,Singapore,6,9,9.0
20221120T211500Z,https://menafn.com/1105209784/AD-Ports-Group-And-Transmar-Launch-New-Pakistan-Service,AD Ports Group And Transmar Launch New Pakistan Service,menafn.com,Qatar,4,12,12.0
20221125T101500Z,https://economictimes.indiatimes.com/small-biz/sme-sector/maersk-flags-off-weekly-rail-service-from-sonipat-to-gujarat/articleshow/95763154.cms,Maersk flags off weekly rail service from Sonipat to Gujarat,economictimes.indiatimes.com,India,12,7,7.0
20221025T214500Z,https://www.fleetmon.com/maritime-news/2022/39965/msc-feeder-lost-overboard-4-containers-venice-ital/,"MSC feeder lost overboard 4 containers in Venice , Italy",fleetmon.com,,12,6,6.0
20221005T164500Z,https://lloydslist.maritimeintelligence.informa.com/LL1142444/Singapore-minister-backs-LNG-as-a-pragmatic-transition-fuel,Singapore minister backs LNG as a  pragmatic transition fuel  :: Lloyd List,lloydslist.maritimeintelligence.informa.com,United Kingdom,12,8,8.0
20221221T041500Z,https://www.seatrade-maritime.com/ports/ictsi-signs-30-year-lease-extension-polish-container-terminal,ICTSI signs 30 - year lease extension for Polish container terminal,seatrade-maritime.com,China,12,4,4.0
20221116T124500Z,https://www.wionews.com/world/oil-tanker-with-israeli-connection-hit-by-an-armed-drone-irans-role-suspected-534775,Oil tanker with Israeli connection hit by an armed drone ; Iran role suspected,wionews.com,India,12,3,3.0
20221031T111500Z,https://lloydslist.maritimeintelligence.informa.com/LL1142755/VLCC-runs-aground-near-gas-pipeline-off-Singapore-Strait,VLCC runs aground near gas pipeline off Singapore Strait,lloydslist.maritimeintelligence.informa.com,United Kingdom,12,2,2.0
20221116T114500Z,https://www.israelnationalnews.com/news/362896,Israeli - owned oil tanker attacked near Oman,israelnationalnews.com,Israel,12,3,3.0
20221208T140000Z,https://www.news24.com/news24/SouthAfrica/News/sa-navy-says-it-will-provide-details-of-us-sanctioned-russian-ship-docked-in-simons-town-20221208,SA Navy says it will provide details of US - sanctioned Russian ship docked in Simon Town,news24.com,South Africa,12,10,10.0
20221231T014500Z,https://maritime-executive.com/article/houston-is-proceeding-with-container-dwell-fee-as-volumes-remain-high,Houston is Proceeding with Container Dwell Fee as Volumes Remain High,maritime-executive.com,United States,12,4,4.0
20230101T151500Z,https://en.qdnd.vn/economy/news/first-cargo-welcomed-in-hai-phong-da-nang-548152,"First cargo welcomed in Hai Phong , Da Nang",en.qdnd.vn,,12,4,4.0
20221130T120000Z,https://www.ibtimes.com/venezuela-exports-oil-despite-us-sanctions-using-false-documents-ships-linked-iran-3641899,"Venezuela Exports Oil , Despite US Sanctions , Using False Documents , Ships Linked To Iran",ibtimes.com,United States,4,5,5.0
20221024T134500Z,https://www.marinelink.com/news/containership-loses-power-off-australian-500403,Containership Loses Power Off Australian Coast,marinelink.com,United States,12,2,2.0
20201005T151500Z,https://www.thehindu.com/news/national/kerala/vizhinjam-to-be-declared-crew-change-and-bunkering-hub/article32775136.ece,Vizhinjam to be declared crew change and bunkering hub,thehindu.com,India,12,4,4.0
20201028T084500Z,https://www.vesselfinder.com/news/19416-Cai-Mep-International-Terminal-receives-ultra-large-container-ship,Cai Mep International Terminal receives ultra - large container ship,vesselfinder.com,United States,12,4,4.0
20201027T160000Z,https://www.marineinsight.com/shipping-news/cmit-receives-largest-container-vessel-in-vietnams-history/,CMIT Receives Largest Container Vessel In Vietnam History,marineinsight.com,United States,12,4,4.0
20201231T003000Z,https://www.sfchronicle.com/business/article/Port-of-Oakland-will-soon-get-its-tallest-15836984.php,Port of Oakland will soon get its tallest container cranes,sfchronicle.com,United States,12,4,4.0
20201021T154500Z,https://www.marineinsight.com/shipping-news/container-transshipment-ports-see-heavy-september-cargo-rollovers/,Container Transshipment Ports See Heavy September Cargo Rollovers,marineinsight.com,United States,6,4,4.0
20201217T021500Z,https://www.straitstimes.com/singapore/explosives-laden-boat-attacks-singapore-registered-oil-tanker,  Explosives - laden boat  attacks Singapore - registered oil tanker,straitstimes.com,Singapore,12,3,3.0
20201216T024500Z,https://www.channelnewsasia.com/news/singapore/oil-tanker-hit-explosion-saudi-arabia-mpa-13781284,Singapore - registered ships advised to be vigilant after oil tanker hit by explosion in Saudi Arabia,channelnewsasia.com,United States,8,2,2.0
20201220T203000Z,https://www.zerohedge.com/markets/shippers-blame-carriers-entirely-predictable-us-container-graveyard,Shippers Blame Carriers For Entirely Predictable US Container Graveyard,zerohedge.com,United States,12,6,6.0
20201028T130000Z,https://www.porttechnology.org/news/apmt-welcomes-largest-vessel-to-call-at-a-vietnamese-port/,APMT welcomes largest vessel to call at a Vietnamese port - Port Technology International,porttechnology.org,China,12,4,4.0
20201221T100000Z,https://www.nzherald.co.nz/hawkes-bay-today/news/fire-ship-remains-in-port-at-napier/YWPRA4N2KVGC3AZRXYY5IG7AIU/,Fire ship remains in port at Napier,nzherald.co.nz,New Zealand,8,1,1.0
20201031T084500Z,https://www.hellenicshippingnews.com/cmit-receives-largest-container-vessel-in-vietnams-history/,CMIT receives largest container vessel in Vietnam history | Hellenic Shipping News Worldwide,hellenicshippingnews.com,China,12,4,4.0
20201214T143000Z,https://www.daily-sun.com/post/523739/Oil-tanker-BW-Rhine-hit-by-explosion-at-Saudi-port-of-Jeddah,Oil tanker BW Rhine hit by explosion at Saudi port of Jeddah - 523739,daily-sun.com,Bangladesh,8,2,2.0
20201120T081500Z,https://www.marineinsight.com/know-more/10-major-ports-in-dubai-and-the-united-arab-emirates/,10 Major Ports in Dubai and the United Arab Emirates,marineinsight.com,United States,12,4,4.0
20201218T004500Z,http://www.msn.com/en-nz/news/national/everyone-accounted-for-as-11-fire-crews-battle-to-get-napier-port-ship-blaze-under-control/ar-BB1c1odC,  Everyone accounted for  as 11 fire crews battle to get Napier Port ship blaze under control,msn.com,United States,8,2,2.0
20201103T073000Z,http://jamaica-gleaner.com/article/shipping/20201027/bunkering-fuelling-jamaicas-maritime-trade,Bunkering : Fuelling Jamaica maritime trade | Shipping,jamaica-gleaner.com,Jamaica,12,4,4.0
20201005T144500Z,https://www.hellenicshippingnews.com/egypt-mulls-operating-multipurpose-terminal-in-alexandria-port-with-singapore/,Egypt mulls operating multipurpose terminal in Alexandria Port with Singapore | Hellenic Shipping News Worldwide,hellenicshippingnews.com,China,12,4,4.0
20201221T170000Z,https://www.marineinsight.com/shipping-news/maersk-urges-global-action-after-ship-hijacked-in-gulf-of-guinea/,Maersk Urges Global Action After Ship Attacked In Gulf Of Guinea,marineinsight.com,United States,12,3,3.0
20201220T234500Z,https://www.hellenicshippingnews.com/asia-holds-sway-over-container-ports/,Asia holds sway over container ports | Hellenic Shipping News Worldwide,hellenicshippingnews.com,China,12,4,4.0
20201008T184500Z,https://www.wsj.com/articles/russias-siberian-waters-see-record-ship-traffic-as-ice-melt-accelerates-11602180850,Russia Siberian Waters See Record Ship Traffic as Ice Melt Accelerates,wsj.com,United States,12,9,9.0
20201022T104500Z,https://www.seatrade-maritime.com/casualty/investigation-identifies-series-errors-maersk-honam-loss,Investigation identifies series of errors in Maersk Honam loss,seatrade-maritime.com,China,12,6,6.0
20201015T133000Z,https://www.lloydsloadinglist.com/freight-directory/news/Heavy-September-cargo-rollovers-at-Asian-transhipment-box-ports/77597.htm,Heavy September cargo rollovers at Asian transhipment box ports,lloydsloadinglist.com,United Kingdom,6,4,4.0
20201201T081500Z,https://mb.com.ph/2020/12/01/ictsi-iraq-delivers-record-performance/,ICTSI Iraq delivers record performance,mb.com.ph,Philippines,12,1,1.0
20201208T230000Z,https://www.freightwaves.com/news/storm-beaten-one-apus-berths-in-japan,Storm - beaten ONE Apus berths in Japan,freightwaves.com,United States,12,9,9.0
20201217T233000Z,https://www.newshub.co.nz/home/new-zealand/2020/12/massive-fire-breaks-out-on-ship-at-napier-port-11-crews-battling-to-get-in-under-control.html,"Massive fire breaks out on ship at Napier Port , 11 crews battling to get in under control",newshub.co.nz,New Zealand,8,2,2.0
20201014T141500Z,https://www.porttechnology.org/news/cma-cgm-and-port-of-singapore-break-utilisation-record/,CMA CGM and Port of Singapore break utilisation record - Port Technology International,porttechnology.org,China,12,4,4.0
20201004T184500Z,https://www.silive.com/news/2020/10/coast-guard-responds-to-fuel-oil-leak-in-bayonne.html,Coast Guard responds to fuel oil leak in Bayonne,silive.com,United States,12,8,8.0
20201217T001500Z,https://www.freightwaves.com/news/container-ports-are-booming-and-not-just-on-west-coast,Container ports are booming and not just on West Coast,freightwaves.com,United States,12,4,4.0
20201231T021500Z,https://www.postnewsgroup.com/tallest-cranes-ever-for-port-of-oakland-arriving-from-china/,Tallest Cranes Ever for Port of Oakland Arriving from China,postnewsgroup.com,United States,12,4,4.0
20201006T133000Z,https://www.hellenicshippingnews.com/first-cross-port-fuel-supply-service-in-yangtze-delta-a-success/,First cross - port fuel supply service in Yangtze delta a success | Hellenic Shipping News Worldwide,hellenicshippingnews.com,China,12,4,4.0
20201209T071500Z,https://www.stuff.co.nz/business/123651033/christmas-cargo-could-add-costs-clogged-traffic-freight-companies,"Christmas cargo could add costs , clogged traffic : freight companies",stuff.co.nz,New Zealand,6,4,4.0
20201027T084500Z,https://www.msn.com/en-gb/news/world/greek-navy-minesweeper-portuguese-cargo-ship-collide/ar-BB1aqqR2,"Greek navy minesweeper , Portuguese cargo ship collide",msn.com,United States,6,2,2.0
20201218T061500Z,https://www.nzherald.co.nz/hawkes-bay-today/news/napier-port-ship-fire-crew-back-on-board-after-blaze/YNBJ76AM5YGU376MTY5HDYJUGU/,Napier Port ship fire : Crew back on board after blaze,nzherald.co.nz,New Zealand,8,2,2.0
20201214T143000Z,https://www.middleeastmonitor.com/20201214-explosion-on-ship-leaving-saudi-arabia-caused-by-an-external-source/,Explosion on ship leaving Saudi Arabia caused by an  external source  ,middleeastmonitor.com,Israel,8,2,2.0
20201202T133000Z,https://en.portnews.ru/news/305640/,FESCO Ð¸ DB Ð¡argo send first container train from Europe to China through Brest and Vladivostok,en.portnews.ru,,12,7,7.0
20201027T154500Z,https://www.hellenicshippingnews.com/cai-mep-international-terminal-receives-ultra-large-container-ship/,Cai Mep International Terminal receives ultra - large container ship | Hellenic Shipping News Worldwide,hellenicshippingnews.com,China,12,4,4.0
20201209T120000Z,https://www.dailymail.co.uk/news/article-9034281/Cargo-ship-suffers-epic-losses-2-000-containers-topple-storm-en-route-Japan.html,"Cargo ship suffers epic losses after 2 , 000 containers topple over during a storm en route to Japan",dailymail.co.uk,United Kingdom,6,9,9.0
20201206T193000Z,https://www.zerohedge.com/economics/ship-returning-japan-after-losing-record-number-containers-crossing-pacific,Ship Returning To Japan After Losing Record Number Of Containers While Crossing The Pacific,zerohedge.com,United States,12,6,6.0
20201214T151500Z,https://www.telegraph.co.uk/news/2020/12/14/blast-tanker-saudi-port-caused-external-source/,Blast on tanker in Saudi port caused by  external source  ,telegraph.co.uk,United Kingdom,12,2,2.0
20201201T030000Z,https://www.newindianexpress.com/states/andhra-pradesh/2020/dec/01/visakhapatnam-port-handles-bigger-vessel-2230245.html,Visakhapatnam port handles bigger vessel,newindianexpress.com,India,12,4,4.0
20201214T101500Z,https://www.bangkokpost.com/world/2035143/explosion-rocks-singapore-flagged-tanker-off-saudi-port,Explosion rocks Singapore - flagged tanker off Saudi port,bangkokpost.com,Thailand,8,2,2.0
20201010T041500Z,https://island.lk/sea-of-indecision-strikes-capacity-enhancement/,Sea of indecision strikes capacity enhancement,island.lk,Sri Lanka,12,4,4.0
20201202T180000Z,https://www.nzherald.co.nz/business/big-visitor-to-northport-is-bringing-christmas-to-auckland/ER2LUCPTONNB4WY5NQGDYJ6SN4/,Big visitor to Northport is bringing Christmas to Auckland,nzherald.co.nz,New Zealand,12,1,1.0
20201029T111500Z,https://tribuneonlineng.com/how-endsars-protests-rendered-lagos-ports-unproductive/,How # EndSARS protests rendered Lagos ports unproductive,tribuneonlineng.com,Nigeria,12,4,4.0
20201214T110000Z,https://news.sky.com/story/explosion-on-oil-tanker-off-saudi-arabia-caused-by-external-force-12160927,Explosion on oil tanker off Saudi Arabia caused by  external force  ,news.sky.com,United Kingdom,8,2,2.0
20201214T073000Z,https://www.ksat.com/news/2020/12/14/external-source-causes-oil-tanker-blast-off-saudi-arabia/,  External source  causes oil tanker blast off Saudi Arabia,ksat.com,United States,12,2,2.0
20201105T113000Z,https://mb.com.ph/2020/11/05/vessel-operations-resume-in-several-routes-in-catanduanes/,Vessel operations resume in several routes in Catanduanes,mb.com.ph,Philippines,12,4,4.0
20201209T030000Z,https://www.tradewindsnews.com/containerships/emergency-services-brought-in-as-one-apus-docks-in-japan/2-1-926781,Emergency services brought in as ONE Apus docks in Japan,tradewindsnews.com,China,12,4,4.0
20201201T090000Z,https://www.indiatimes.com/trending/social-relevance/the-oslo-largest-cargo-ship-visakhapatnam-port-528691.html,  The Oslo  Arrives At Visakhapatnam Port,indiatimes.com,India,12,4,4.0
20201008T104500Z,https://www.nbb.be/en/articles/belgian-ports-were-still-enjoying-favourable-headwinds-2019-covid-19-storm-hit,"Belgian ports were still enjoying favourable headwinds in 2019 , before COVID - 19 storm hit",nbb.be,Belgium,12,4,4.0
20201201T213000Z,https://www.postandcourier.com/moultrie-news/moultrie-news/news/business/authority-chief-sc-port-poised-for-growth/article_d72c0742-30b8-11eb-9beb-eff09191526d.html,Authority chief : SC Port poised for growth,postandcourier.com,United States,12,4,4.0
20201210T131500Z,https://www.thehindubusinessline.com/economy/logistics/exim-trade-in-kochi-seek-more-mainline-ship-service/article33299329.ece,Exim trade in Kochi seek more mainline ship service - The Hindu BusinessLine,thehindubusinessline.com,India,12,4,4.0
20201123T091500Z,https://www.marineinsight.com/maritime-law/container-seals-importance-types-and-requirements/,"Container Seals - Importance , Types , And Requirements",marineinsight.com,United States,12,6,6.0
20201221T151500Z,https://www.hellenicshippingnews.com/one-apus-container-loss-shows-need-for-real-time-information/,ONE Apus container loss shows need for  real - time information  | Hellenic Shipping News Worldwide,hellenicshippingnews.com,China,6,2,2.0
20201026T080000Z,https://www.daily-sun.com/post/514098/Record-foreign-ships-dock-in-Mongla-Port,Record foreign ships dock in Mongla Port - 514098,daily-sun.com,Bangladesh,12,4,4.0
20201214T064500Z,https://www.msn.com/en-us/news/world/oil-tanker-suffers-explosion-after-being-hit-by-e2-80-98external-source-e2-80-99-near-saudi-arabia-e2-80-99s-port-city/ar-BB1bU8DK,Oil tanker suffers explosion after being hit by  external source  near Saudi Arabia port city,msn.com,United States,6,2,2.0
20201214T070000Z,https://www.msn.com/en-gb/news/world/e2-80-98external-source-e2-80-99-caused-explosion-of-oil-tanker-near-saudi-arabia-owner-says/ar-BB1bU4nw,"  External source  caused explosion of oil tanker near Saudi Arabia , owner says",msn.com,United States,12,2,2.0
20201208T151500Z,https://www.chron.com/news/article/Libya-s-east-based-forces-seize-Turkish-owned-15784028.php,Libya east - based forces seize Turkish - owned vessel,chron.com,United States,12,3,3.0
20201214T054500Z,https://www.timesofisrael.com/explosion-hits-ship-off-saudi-red-sea-port-of-jiddah/,Explosion caused by  external source  hits ship off Saudi Red Sea port of Jiddah,timesofisrael.com,Israel,12,2,2.0
20231228T014500Z,https://maritime-executive.com/article/singapore-surpasses-three-billion-gross-tons-for-annual-ship-arrivals,Singapore Surpasses Three Billion Gross Tons for Annual Ship Arrivals,maritime-executive.com,United States,12,4,4.0
20231125T143000Z,https://www.reuters.com/world/middle-east/israeli-managed-vessel-hit-by-suspected-iranian-drone-us-official-says-2023-11-25/,"Israeli - managed vessel hit by suspected Iranian drone , US official says",reuters.com,United States,12,3,3.0
20231125T194500Z,https://gcaptain.com/israeli-managed-vessel-hit-by-suspected-iranian-drone/,Israeli - Managed Vessel Hit By Suspected Iranian Drone,gcaptain.com,United States,12,3,3.0
20231231T173000Z,https://www.breitbart.com:443/europe/2023/12/31/global-shipping-giant-maersk-halts-ships-passage-via-red-sea-for-48-hours/,Global Shipping Giant Maersk Halts Ship Passage via Red Sea for 48 Hours,breitbart.com,United States,1,4,4.0
20231222T034500Z,https://sg.news.yahoo.com/red-sea-tensions-leave-global-032413166.html,"Red Sea tensions leave global supply chains in limbo , Singapore offers port relief",sg.news.yahoo.com,United States,12,4,4.0
20231106T053000Z,https://news.webindia123.com/news/Articles/Business/20231106/4136759.html,Mundra is India first port to handle cargo volumes of 16 MMT in a month,news.webindia123.com,India,12,4,4.0
20231106T051500Z,https://www.ndtv.com/india-news/adani-groups-flagship-mundra-port-is-indias-first-port-to-handle-cargo-volumes-of-16-mmt-in-a-month-4548936,Adani Group Flagship Mundra Becomes India First Port To Handle 16 . 1 Million Tonnes Of Cargo,ndtv.com,India,12,4,4.0
20231121T080000Z,https://leadership.ng/terminal-to-receive-largest-container-in-west-africa/,Terminal To Receive Largest Container In West Africa,leadership.ng,Nigeria,13,4,4.0
20231006T180000Z,https://www.middleeastmonitor.com/20231006-turkiye-ship-not-damaged-in-black-sea-explosion-maritime-authority/,Turkiye ship not damaged in Black Sea explosion â€“ maritime authority,middleeastmonitor.com,Israel,6,2,2.0
20231006T124500Z,https://www.reuters.com/world/turkish-ship-not-damaged-black-sea-explosion-maritime-authority-2023-10-06/,Turkish ship not damaged in Black Sea explosion â€“ maritime authority,reuters.com,United States,6,2,2.0
20231127T054500Z,https://www.standardmedia.co.ke/business/business/article/2001486170/mombasa-registers-more-cargo-as-kpa-ups-handling-efficiency,Mombasa registers more cargo as KPA ups handling efficiency,standardmedia.co.ke,Kenya,13,4,4.0
20231216T181500Z,https://www.dhakatribune.com/world/middle-east/334079/shipping-firms-suspend-red-sea-traffic-after-yemen,Shipping firms suspend Red Sea traffic after Yemen rebel strikes,dhakatribune.com,Bangladesh,1,3,3.0
20231111T143000Z,https://www.thehindu.com/news/national/kerala/chinese-ship-crew-await-centres-clearance-to-berth-at-vizhinjam-port/article67524670.ece,"Chinese ship , crew await Centre clearance to berth at Vizhinjam port",thehindu.com,India,12,4,4.0
20231215T191500Z,https://www.albawaba.com/news/houthi-strike-two-cargo-ships-red-sea-ballistic-missiles-1545251,Houthi strike two cargo ships in red sea with ballistic missiles,albawaba.com,Israel,11,3,3.0
20231121T024500Z,https://www.thestandard.com.hk/section-news/section/4/258000/Maritime-and-port-masterplan-in-works,Maritime and port masterplan in works,thestandard.com.hk,Hong Kong,12,4,4.0
20231012T204500Z,https://www.thedailystar.net/business/economy/news/foreign-vessels-face-hassles-getting-waivers-3442001,Foreign vessels face hassles getting waivers,thedailystar.net,Bangladesh,12,10,10.0
20231024T124500Z,https://www.zawya.com/en/press-release/companies-news/gt-usas-canaveral-cargo-terminal-records-heaviest-lift-crane-operations-mm8gov7z,GT united states Canaveral Cargo Terminal records heaviest lift crane operations,zawya.com,United Arab Emirates,13,12,12.0
20240101T003000Z,https://www.prokerala.com/news/articles/a1492680.html,Yemen Houthi group says 10 fighters killed by US Navy forces in Red Sea,prokerala.com,India,13,3,3.0
20231126T184500Z,https://www.marketscreener.com/news/latest/Israeli-linked-chemical-tanker-seized-in-Gulf-of-Aden-US-official-vessel-company-45439097/,"Israeli - linked chemical tanker seized in Gulf of Aden - US official , vessel company",marketscreener.com,,12,10,10.0
20231219T064500Z,https://allafrica.com/stories/202312190070.html,Somalia : Experts Warn That Somali Pirates May Cooperate With Yemen Houthis,allafrica.com,Nigeria,11,3,3.0
20231024T213000Z,https://www.ajot.com/news/port-of-oakland-september-container-volume-holds-steady,Port of Oakland September container volume holds steady,ajot.com,United States,12,4,4.0
20231019T050000Z,https://www.forkliftaction.com/news/haiphong-orders-30-mitsui-cranes.aspx?n=28524,"Haiphong orders 30 Mitsui cranes , Viet Nam . News story in Forkliftaction News",forkliftaction.com,United States,13,1,1.0
20231231T204500Z,https://www.algemeiner.com/2023/12/31/u-s-intercepts-houthi-ballistic-anti-ship-missiles-in-red-sea/,U . S . Intercepts Houthi Ballistic Anti - Ship Missiles in Red Sea,algemeiner.com,Israel,11,3,3.0
20231218T061500Z,https://www.the-star.co.ke/business/kenya/2023-12-18-kenya-eac-stare-at-costly-imports-as-shipping-lines-shun-red-sea/,"Kenya , EAC stare at costly imports as shipping lines shun Red Sea",the-star.co.ke,Kenya,12,4,4.0
20231018T024500Z,https://www.9news.com.au/national/clive-palmer-40m-superyacht-freed-after-running-aground-in-singapore/149a4868-275e-4246-b389-2b946026f3ba,Clive Palmer $40 million superyacht freed,9news.com.au,Australia,13,10,10.0
20231106T193000Z,https://www.hellenicshippingnews.com/contecon-manzanillos-record-volume-in-a-single-vessel-call/,Contecon Manzanillo record volume in a single vessel call | Hellenic Shipping News Worldwide,hellenicshippingnews.com,China,12,4,4.0
20231231T033000Z,https://www.theguardian.com/world/2023/dec/31/missile-hits-red-sea-container-ship-us-destroyers-shoot-down-two-more,"Missile hits Red Sea container ship , US destroyers shoot down two more",theguardian.com,United Kingdom,11,2,2.0
20231231T113000Z,https://www.barrons.com/news/maersk-suspends-vessels-passage-through-red-sea-strait-for-48-hours-f7fd0e2e,Maersk Halts Ship Passage Via Red Sea Strait For 48 Hours,barrons.com,China,1,4,4.0
20231212T203000Z,https://katu.com/news/nation-world/houthi-rebels-in-yemen-accidentally-strike-norwegian-tanker-in-red-sea-with-missile-iran-saudi-arabia-shipping-international-waters-maritime-response-israel-hamas-gaza-war-drone-trade-foreign-policy-diplomacy,Houthi rebels in Yemen accidentally strike Norwegian tanker in Red Sea with missile,katu.com,United States,3,2,2.0
20231231T153000Z,https://www.khaleejtimes.com/world/mena/us-says-it-sank-houthi-vessels-that-attacked-cargo-ship-in-red-sea,US says it sank Houthi vessels that attacked cargo ship in Red Sea,khaleejtimes.com,United Arab Emirates,3,5,5.0
20231215T150000Z,https://www.bbc.com/news/world-middle-east-67727601,Cargo ships in Red Sea hit by drone and missiles launched from Yemen,bbc.com,United Kingdom,11,3,3.0
20231220T221500Z,https://www.standardmedia.co.ke/business/article/2001487659/port-records-high-cargo-volumes-despite-harsh-economic-times,Port records high cargo volumes despite harsh economic times,standardmedia.co.ke,Kenya,12,4,4.0
20231103T130000Z,https://www.cnbc.com/2023/11/03/panama-canal-drought-hits-new-crisis-level-amid-severe-el-nino.html,Panama Canal drought hits new crisis level amid severe El Nino,cnbc.com,United States,13,9,9.0
20240101T044500Z,https://www.livemint.com/news/world/maersk-suspends-ships-passage-via-red-sea-strait-for-48-hours-11704072288313.html,Maersk suspends ship passage via Red Sea strait for 48 hours,livemint.com,India,1,4,4.0
20231005T133000Z,https://www.marinelink.com/news/port-rotterdam-offers-substantial-port-508551,Port Of Rotterdam Offers  Substantial  Port Fee,marinelink.com,United States,12,4,4.0
20231118T120000Z,https://menafn.com/1107449864/Grain-Ship-Hits-Floating-Mine-In-Black-Sea-Reuters,Grain Ship Hits Floating Mine In Black Sea - Reuters,menafn.com,Qatar,12,2,2.0
20231123T180000Z,https://news.webindia123.com/news/Articles/India/20231123/4142413.html,Union Minister Sonowal reviews progress of proposed International Container Transhipment Port project,news.webindia123.com,India,12,4,4.0
20231106T070000Z,https://organiser.org/2023/11/06/205046/bharat/gujarat-mundra-port-achieves-historic-milestone-handles-record-16-1-mmt-of-cargo-in-october/,Gujarat : Mundra Port achieves historic milestone ; handles record 16 . 1 MMT of cargo in October,organiser.org,India,12,4,4.0
20231217T063000Z,https://eng.mizzima.com/2023/12/17/5403,Shipping firms suspend Red Sea traffic after Yemen rebel strikes â€“ ENG . MIZZIMA . COM,eng.mizzima.com,Myanmar,1,12,12.0
20231121T133000Z,https://thenews-chronicle.com/lagos-to-host-worlds-largest-container-roro-vessel/,Lagos to Host World Largest Container - RORO Vessel,thenews-chronicle.com,Nigeria,12,4,4.0
20231215T213000Z,https://www.stuff.co.nz/world/middle-east/301028075/world-shipping-giant-maersk-pauses-red-sea-journeys-after-houthi-ballistic-missile-attacks,World shipping giant Maersk pauses Red Sea journeys after Houthi ballistic missile attacks,stuff.co.nz,New Zealand,3,12,12.0
20231104T020000Z,https://www.eastbaytimes.com/2023/11/03/protesters-demanding-ceasefire-in-israel-hamas-war-gather-at-port-of-oakland/,Protesters demanding ceasefire in Israel - Hamas war gather at Port of Oakland,eastbaytimes.com,United States,11,12,12.0
20231206T223000Z,https://www.dailymail.co.uk/news/article-12834113/Hijacked-cargo-ship-tourist-attraction-Groups-men-seen-taking-tours-Galaxy-Leader-Iran-Houthi-rebels-sieged-vessel-Red-Sea.html,Hijacked cargo ship becomes  tourist attraction  ,dailymail.co.uk,United Kingdom,3,12,12.0
20231101T200000Z,https://www.hellenicshippingnews.com/sea-robbery-onboard-a-bulk-carrier-in-the-strait-of-malacca/,Sea Robbery Onboard a Bulk Carrier in the Strait of Malacca | Hellenic Shipping News Worldwide,hellenicshippingnews.com,China,5,3,3.0
