Date,URL,Title,Source,Country,cleaned_title,Predicted_Label
20221207T020000Z,https://www.rnz.co.nz/news/national/480280/engineer-fined-over-huge-fire-at-napier-port,Engineer fined over huge fire at Napier Port,rnz.co.nz,,engineer fined huge fire napier port,4
20221221T150000Z,https://www.ship-technology.com/news/ictsi-lease-baltic-container-terminal/,ICTSI reaches 30 - year lease extension for Baltic Container Terminal,ship-technology.com,United States,ictsi reach 30 year lease extension baltic container terminal,12
20221018T084500Z,https://www.malaymail.com/news/money/mediaoutreach/2022/10/18/dhl-ocean-freight-rate-moving-towards-manageable-levels/170565,DHL : Ocean freight rate moving towards manageable levels,malaymail.com,United States,dhl ocean freight rate moving towards manageable level,12
20221028T151500Z,https://focustaiwan.tw/society/202210280021,Indonesians stuck on vessel in Kaohsiung set to return home : Port bureau,focustaiwan.tw,Taiwan,indonesian stuck vessel kaohsiung set return home port bureau,4
20221018T104500Z,https://bdnews24.com/bangladesh/0ggpvbnije,Body found in container sent from Chattogram to Malaysia,bdnews24.com,Bangladesh,body found container sent chattogram malaysia,12
20221116T063000Z,https://www.courthousenews.com/southern-california-ports-see-big-drop-in-imports-as-longshore-labor-talks-drag-on/,Southern California ports see big drop in imports as longshore labor talks drag on,courthousenews.com,United States,southern california port see big drop import longshore labor talk drag,4
20221031T144500Z,https://www.marinelink.com/news/video-tanker-runs-aground-singapore-500579,VIDEO : Tanker Runs Aground In Singapore Strait,marinelink.com,United States,video tanker run aground singapore strait,3
20221221T021500Z,https://www.freightwaves.com/news/autos-crude-oil-boost-gulf-coast-ports-november-volumes,"Autos , crude oil boost Gulf Coast port November volumes",freightwaves.com,United States,auto crude oil boost gulf coast port november volume,4
20221102T184500Z,https://www.nytimes.com/2022/11/02/us/goran-gogic-boxer-cocaine-charged.html,Former Heavyweight Boxer Charged With Trafficking $1 Billion of Cocaine,nytimes.com,United States,former heavyweight boxer charged trafficking 1 billion cocaine,12
20221024T211500Z,https://maritime-executive.com/article/maersk-operated-boxship-lost-power-off-australian-coast,Maersk Operated Boxship Lost Power off Australian Coast,maritime-executive.com,United States,maersk operated boxship lost power australian coast,12
20221230T180000Z,https://advancedbiofuelsusa.info/chevron-one-wrap-up-biofuel-bunkering-on-4800-teu-containership/,"Chevron , ONE Wrap up Biofuel Bunkering on 4 , 800 TEU Containership â€“ Advanced BioFuels united states ",advancedbiofuelsusa.info,United States,chevron one wrap biofuel bunkering 4 800 teu containership â€ “ advanced biofuels united state,12
20221011T150000Z,https://www.hellenicshippingnews.com/california-steams-past-federal-maritime-commission-on-detention-and-demurrage-prohibitions/,California Steams Past Federal Maritime Commission on Detention and Demurrage Prohibitions,hellenicshippingnews.com,China,california steam past federal maritime commission detention demurrage prohibition,12
20221110T044500Z,https://www.newsfirst.lk/2022/11/10/sri-lankan-migrants-in-vietnam-will-be-repatriated-soon,Sri Lankan migrants in Vietnam will be repatriated soon,newsfirst.lk,Sri Lanka,sri lankan migrant vietnam repatriated soon,12
20221109T183000Z,https://menafn.com/1105157547/Sri-Lanka-Seeks-Repatriation-Of-303-People-Rescued-From-Distressed-Vessel,Sri Lanka Seeks Repatriation Of 303 People Rescued From Dist ... ,menafn.com,Qatar,sri lanka seek repatriation 303 people rescued dist ...,12
20221109T194500Z,https://www.prokerala.com/news/articles/a1361816.html,SL plans early repatriation of 303 rescued from sea while attempting to sail to< / p><p>Canada,prokerala.com,India,sl plan early repatriation 303 rescued sea attempting sail p p canada,3
20221104T143000Z,https://www.irrawaddy.com/news/burma/amnesty-demands-oil-importers-stop-myanmars-air-force-fuel-supplies.html,Amnesty Demands Oil Importers Stop Myanmar Air Force Fuel Supplies,irrawaddy.com,Myanmar,amnesty demand oil importer stop myanmar air force fuel supply,12
20221202T130000Z,https://www.asiaone.com/singapore/gone-wind-15-shipping-containers-fall-water-keppel-terminal-due-strong-winds,Gone with the wind : 15 shipping containers fall into water at Keppel Terminal due to strong winds,asiaone.com,Singapore,gone wind 15 shipping container fall water keppel terminal due strong wind,12
20221120T211500Z,https://menafn.com/1105209784/AD-Ports-Group-And-Transmar-Launch-New-Pakistan-Service,AD Ports Group And Transmar Launch New Pakistan Service,menafn.com,Qatar,ad port group transmar launch new pakistan service,4
20221125T101500Z,https://economictimes.indiatimes.com/small-biz/sme-sector/maersk-flags-off-weekly-rail-service-from-sonipat-to-gujarat/articleshow/95763154.cms,Maersk flags off weekly rail service from Sonipat to Gujarat,economictimes.indiatimes.com,India,maersk flag weekly rail service sonipat gujarat,12
20221229T020000Z,https://www.postandcourier.com/business/sc-ports-leatherman-terminal-losing-cargo-service-after-labor-board-decision/article_d28bde34-86dc-11ed-aa72-fb474a144420.html,SC port Leatherman Terminal losing cargo service after labor board decision,postandcourier.com,United States,sc port leatherman terminal losing cargo service labor board decision,4
20221007T120000Z,https://www.thestar.com.my/aseanplus/aseanplus-news/2022/10/07/singapore-showcases-quick-response-to-tackling-oil-spills,Singapore showcases quick response to tackling oil spills,thestar.com.my,Malaysia,singapore showcase quick response tackling oil spill,12
20221129T171500Z,https://www.postandcourier.com/moultrie-news/moultrie-news/news/business/sc-ports-remains-fluid-while-handling-record-volumes-in-october/article_12a76882-69d5-11ed-b7e2-eb54e95adda1.html,SC Ports remains fluid while handling record volumes in October,postandcourier.com,United States,sc port remains fluid handling record volume october,4
20221025T214500Z,https://www.fleetmon.com/maritime-news/2022/39965/msc-feeder-lost-overboard-4-containers-venice-ital/,"MSC feeder lost overboard 4 containers in Venice , Italy",fleetmon.com,,msc feeder lost overboard 4 container venice italy,12
20221005T164500Z,https://lloydslist.maritimeintelligence.informa.com/LL1142444/Singapore-minister-backs-LNG-as-a-pragmatic-transition-fuel,Singapore minister backs LNG as a  pragmatic transition fuel  :: Lloyd List,lloydslist.maritimeintelligence.informa.com,United Kingdom,singapore minister back lng pragmatic transition fuel lloyd list,12
20221222T174500Z,https://news.umich.edu/michigan-maritime-ports-set-to-grow-economy-throughout-the-state/,Michigan maritime : Ports set to grow economy throughout the state,news.umich.edu,United States,michigan maritime port set grow economy throughout state,4
20221227T131500Z,https://www.fibre2fashion.com/news/textile-news/new-container-route-at-vietnam-s-chan-may-port-to-lower-logistics-cost-284924-newsdetails.htm,New container route at Vietnam Chan May Port to lower logistics cost,fibre2fashion.com,India,new container route vietnam chan may port lower logistics cost,4
20221207T224500Z,https://www.northwestgeorgianews.com/rome/business/port-of-savannah-s-ocean-terminal-slated-for-renovations/article_d655e42e-7674-11ed-b301-dfad419338f3.html,Port of Savannah Ocean Terminal slated for renovations | Business,northwestgeorgianews.com,United States,port savannah ocean terminal slated renovation business,4
20221221T041500Z,https://www.seatrade-maritime.com/ports/ictsi-signs-30-year-lease-extension-polish-container-terminal,ICTSI signs 30 - year lease extension for Polish container terminal,seatrade-maritime.com,China,ictsi sign 30 year lease extension polish container terminal,12
20221108T203000Z,https://www.fleetmon.com/maritime-news/2022/40105/brand-new-one-new-panamax-container-ship-grounding/,"Brand new ONE New Panamax container ship , Brazil â€“ Correction",fleetmon.com,,brand new one new panamax container ship brazil â€ “ correction,2
20221116T124500Z,https://www.wionews.com/world/oil-tanker-with-israeli-connection-hit-by-an-armed-drone-irans-role-suspected-534775,Oil tanker with Israeli connection hit by an armed drone ; Iran role suspected,wionews.com,India,oil tanker israeli connection hit armed drone iran role suspected,3
20221031T111500Z,https://lloydslist.maritimeintelligence.informa.com/LL1142755/VLCC-runs-aground-near-gas-pipeline-off-Singapore-Strait,VLCC runs aground near gas pipeline off Singapore Strait,lloydslist.maritimeintelligence.informa.com,United Kingdom,vlcc run aground near gas pipeline singapore strait,2
20221116T114500Z,https://www.israelnationalnews.com/news/362896,Israeli - owned oil tanker attacked near Oman,israelnationalnews.com,Israel,israeli owned oil tanker attacked near oman,2
20221208T140000Z,https://www.news24.com/news24/SouthAfrica/News/sa-navy-says-it-will-provide-details-of-us-sanctioned-russian-ship-docked-in-simons-town-20221208,SA Navy says it will provide details of US - sanctioned Russian ship docked in Simon Town,news24.com,South Africa,sa navy say provide detail u sanctioned russian ship docked simon town,2
20221231T014500Z,https://maritime-executive.com/article/houston-is-proceeding-with-container-dwell-fee-as-volumes-remain-high,Houston is Proceeding with Container Dwell Fee as Volumes Remain High,maritime-executive.com,United States,houston proceeding container dwell fee volume remain high,12
20230101T151500Z,https://en.qdnd.vn/economy/news/first-cargo-welcomed-in-hai-phong-da-nang-548152,"First cargo welcomed in Hai Phong , Da Nang",en.qdnd.vn,,first cargo welcomed hai phong da nang,12
20221130T120000Z,https://www.ibtimes.com/venezuela-exports-oil-despite-us-sanctions-using-false-documents-ships-linked-iran-3641899,"Venezuela Exports Oil , Despite US Sanctions , Using False Documents , Ships Linked To Iran",ibtimes.com,United States,venezuela export oil despite u sanction using false document ship linked iran,2
20221024T134500Z,https://www.marinelink.com/news/containership-loses-power-off-australian-500403,Containership Loses Power Off Australian Coast,marinelink.com,United States,containership loses power australian coast,12
20201005T151500Z,https://www.thehindu.com/news/national/kerala/vizhinjam-to-be-declared-crew-change-and-bunkering-hub/article32775136.ece,Vizhinjam to be declared crew change and bunkering hub,thehindu.com,India,vizhinjam declared crew change bunkering hub,2
20201028T084500Z,https://www.vesselfinder.com/news/19416-Cai-Mep-International-Terminal-receives-ultra-large-container-ship,Cai Mep International Terminal receives ultra - large container ship,vesselfinder.com,United States,cai mep international terminal receives ultra large container ship,2
20201218T154500Z,https://www.thehindubusinessline.com/opinion/asia-holds-sway-over-container-ports/article33366782.ece,Asia holds sway over container ports - The Hindu BusinessLine,thehindubusinessline.com,India,asia hold sway container port hindu businessline,4
20201027T160000Z,https://www.marineinsight.com/shipping-news/cmit-receives-largest-container-vessel-in-vietnams-history/,CMIT Receives Largest Container Vessel In Vietnam History,marineinsight.com,United States,cmit receives largest container vessel vietnam history,3
20201231T003000Z,https://www.sfchronicle.com/business/article/Port-of-Oakland-will-soon-get-its-tallest-15836984.php,Port of Oakland will soon get its tallest container cranes,sfchronicle.com,United States,port oakland soon get tallest container crane,4
20201021T154500Z,https://www.marineinsight.com/shipping-news/container-transshipment-ports-see-heavy-september-cargo-rollovers/,Container Transshipment Ports See Heavy September Cargo Rollovers,marineinsight.com,United States,container transshipment port see heavy september cargo rollover,4
20201217T021500Z,https://www.straitstimes.com/singapore/explosives-laden-boat-attacks-singapore-registered-oil-tanker,  Explosives - laden boat  attacks Singapore - registered oil tanker,straitstimes.com,Singapore,explosive laden boat attack singapore registered oil tanker,3
20201216T024500Z,https://www.channelnewsasia.com/news/singapore/oil-tanker-hit-explosion-saudi-arabia-mpa-13781284,Singapore - registered ships advised to be vigilant after oil tanker hit by explosion in Saudi Arabia,channelnewsasia.com,United States,singapore registered ship advised vigilant oil tanker hit explosion saudi arabia,6
20201208T204500Z,https://gcaptain.com/one-apus-arrives-in-kobe-revealing-cargo-loss-of-epic-proportions/,"ONE Apus Arrives in Kobe , Revealing Cargo Loss of Epic Proportions â€“ gCaptain",gcaptain.com,United States,one apus arrives kobe revealing cargo loss epic proportion â€ “ gcaptain,12
20201124T004500Z,https://island.lk/hip-helps-ease-congestion-at-colombo-port/,HIP helps ease congestion at Colombo Port,island.lk,Sri Lanka,hip help ease congestion colombo port,4
20201122T231500Z,http://www.dailymirror.lk/business-news/Hambantota-Port-helps-ease-Colombo-Port-congestion/273-200381,Daily Mirror - Hambantota Port helps ease Colombo Port congestion,dailymirror.lk,Sri Lanka,daily mirror hambantota port help ease colombo port congestion,4
20201220T203000Z,https://www.zerohedge.com/markets/shippers-blame-carriers-entirely-predictable-us-container-graveyard,Shippers Blame Carriers For Entirely Predictable US Container Graveyard,zerohedge.com,United States,shipper blame carrier entirely predictable u container graveyard,12
20201028T130000Z,https://www.porttechnology.org/news/apmt-welcomes-largest-vessel-to-call-at-a-vietnamese-port/,APMT welcomes largest vessel to call at a Vietnamese port - Port Technology International,porttechnology.org,China,apmt welcome largest vessel call vietnamese port port technology international,3
20201221T100000Z,https://www.nzherald.co.nz/hawkes-bay-today/news/fire-ship-remains-in-port-at-napier/YWPRA4N2KVGC3AZRXYY5IG7AIU/,Fire ship remains in port at Napier,nzherald.co.nz,New Zealand,fire ship remains port napier,9
20201031T084500Z,https://www.hellenicshippingnews.com/cmit-receives-largest-container-vessel-in-vietnams-history/,CMIT receives largest container vessel in Vietnam history | Hellenic Shipping News Worldwide,hellenicshippingnews.com,China,cmit receives largest container vessel vietnam history hellenic shipping news worldwide,12
20201214T143000Z,https://www.daily-sun.com/post/523739/Oil-tanker-BW-Rhine-hit-by-explosion-at-Saudi-port-of-Jeddah,Oil tanker BW Rhine hit by explosion at Saudi port of Jeddah - 523739,daily-sun.com,Bangladesh,oil tanker bw rhine hit explosion saudi port jeddah 523739,6
20201120T081500Z,https://www.marineinsight.com/know-more/10-major-ports-in-dubai-and-the-united-arab-emirates/,10 Major Ports in Dubai and the United Arab Emirates,marineinsight.com,United States,10 major port dubai united arab emirate,4
20201218T004500Z,http://www.msn.com/en-nz/news/national/everyone-accounted-for-as-11-fire-crews-battle-to-get-napier-port-ship-blaze-under-control/ar-BB1c1odC,  Everyone accounted for  as 11 fire crews battle to get Napier Port ship blaze under control,msn.com,United States,everyone accounted 11 fire crew battle get napier port ship blaze control,2
20201103T073000Z,http://jamaica-gleaner.com/article/shipping/20201027/bunkering-fuelling-jamaicas-maritime-trade,Bunkering : Fuelling Jamaica maritime trade | Shipping,jamaica-gleaner.com,Jamaica,bunkering fuelling jamaica maritime trade shipping,12
20201005T144500Z,https://www.hellenicshippingnews.com/egypt-mulls-operating-multipurpose-terminal-in-alexandria-port-with-singapore/,Egypt mulls operating multipurpose terminal in Alexandria Port with Singapore | Hellenic Shipping News Worldwide,hellenicshippingnews.com,China,egypt mull operating multipurpose terminal alexandria port singapore hellenic shipping news worldwide,12
20201127T191500Z,http://www.ft.lk/front-page/Colombo-Port-congestion-50-000-TEU-logjam-drives-delays-and-rate-hikes/44-709483,"Colombo Port congestion : 50 , 000 TEU logjam drives delays and rate hikes",ft.lk,Sri Lanka,colombo port congestion 50 000 teu logjam drive delay rate hike,4
20201221T170000Z,https://www.marineinsight.com/shipping-news/maersk-urges-global-action-after-ship-hijacked-in-gulf-of-guinea/,Maersk Urges Global Action After Ship Attacked In Gulf Of Guinea,marineinsight.com,United States,maersk urge global action ship attacked gulf guinea,3
20201220T234500Z,https://www.hellenicshippingnews.com/asia-holds-sway-over-container-ports/,Asia holds sway over container ports | Hellenic Shipping News Worldwide,hellenicshippingnews.com,China,asia hold sway container port hellenic shipping news worldwide,4
20201008T184500Z,https://www.wsj.com/articles/russias-siberian-waters-see-record-ship-traffic-as-ice-melt-accelerates-11602180850,Russia Siberian Waters See Record Ship Traffic as Ice Melt Accelerates,wsj.com,United States,russia siberian water see record ship traffic ice melt accelerates,2
20201022T104500Z,https://www.seatrade-maritime.com/casualty/investigation-identifies-series-errors-maersk-honam-loss,Investigation identifies series of errors in Maersk Honam loss,seatrade-maritime.com,China,investigation identifies series error maersk honam loss,12
20201015T133000Z,https://www.lloydsloadinglist.com/freight-directory/news/Heavy-September-cargo-rollovers-at-Asian-transhipment-box-ports/77597.htm,Heavy September cargo rollovers at Asian transhipment box ports,lloydsloadinglist.com,United Kingdom,heavy september cargo rollover asian transhipment box port,4
20201201T081500Z,https://mb.com.ph/2020/12/01/ictsi-iraq-delivers-record-performance/,ICTSI Iraq delivers record performance,mb.com.ph,Philippines,ictsi iraq delivers record performance,12
20201208T230000Z,https://www.freightwaves.com/news/storm-beaten-one-apus-berths-in-japan,Storm - beaten ONE Apus berths in Japan,freightwaves.com,United States,storm beaten one apus berth japan,12
20201027T124500Z,https://www.nhregister.com/news/article/Greek-navy-minesweeper-Portuguese-cargo-ship-15677219.php,Greek navy minesweeper damaged after cargo ship collision,nhregister.com,United States,greek navy minesweeper damaged cargo ship collision,2
20201217T233000Z,https://www.newshub.co.nz/home/new-zealand/2020/12/massive-fire-breaks-out-on-ship-at-napier-port-11-crews-battling-to-get-in-under-control.html,"Massive fire breaks out on ship at Napier Port , 11 crews battling to get in under control",newshub.co.nz,New Zealand,massive fire break ship napier port 11 crew battling get control,2
20201014T141500Z,https://www.porttechnology.org/news/cma-cgm-and-port-of-singapore-break-utilisation-record/,CMA CGM and Port of Singapore break utilisation record - Port Technology International,porttechnology.org,China,cma cgm port singapore break utilisation record port technology international,12
20201004T184500Z,https://www.silive.com/news/2020/10/coast-guard-responds-to-fuel-oil-leak-in-bayonne.html,Coast Guard responds to fuel oil leak in Bayonne,silive.com,United States,coast guard responds fuel oil leak bayonne,12
20201217T001500Z,https://www.freightwaves.com/news/container-ports-are-booming-and-not-just-on-west-coast,Container ports are booming and not just on West Coast,freightwaves.com,United States,container port booming west coast,4
20201231T021500Z,https://www.postnewsgroup.com/tallest-cranes-ever-for-port-of-oakland-arriving-from-china/,Tallest Cranes Ever for Port of Oakland Arriving from China,postnewsgroup.com,United States,tallest crane ever port oakland arriving china,4
20201006T133000Z,https://www.hellenicshippingnews.com/first-cross-port-fuel-supply-service-in-yangtze-delta-a-success/,First cross - port fuel supply service in Yangtze delta a success | Hellenic Shipping News Worldwide,hellenicshippingnews.com,China,first cross port fuel supply service yangtze delta success hellenic shipping news worldwide,4
20201209T071500Z,https://www.stuff.co.nz/business/123651033/christmas-cargo-could-add-costs-clogged-traffic-freight-companies,"Christmas cargo could add costs , clogged traffic : freight companies",stuff.co.nz,New Zealand,christmas cargo could add cost clogged traffic freight company,12
20201028T161500Z,https://www.seattlepi.com/news/article/Ship-captain-arrested-after-collision-with-Greek-15681299.php,Ship captain arrested after collision with Greek warship,seattlepi.com,United States,ship captain arrested collision greek warship,2
20201027T084500Z,https://www.msn.com/en-gb/news/world/greek-navy-minesweeper-portuguese-cargo-ship-collide/ar-BB1aqqR2,"Greek navy minesweeper , Portuguese cargo ship collide",msn.com,United States,greek navy minesweeper portuguese cargo ship collide,2
20201009T164500Z,https://allafrica.com/stories/202010090392.html,Nigeria : Elixir to Port Congestion,allafrica.com,Nigeria,nigeria elixir port congestion,4
20201218T061500Z,https://www.nzherald.co.nz/hawkes-bay-today/news/napier-port-ship-fire-crew-back-on-board-after-blaze/YNBJ76AM5YGU376MTY5HDYJUGU/,Napier Port ship fire : Crew back on board after blaze,nzherald.co.nz,New Zealand,napier port ship fire crew back board blaze,4
20201214T143000Z,https://www.middleeastmonitor.com/20201214-explosion-on-ship-leaving-saudi-arabia-caused-by-an-external-source/,Explosion on ship leaving Saudi Arabia caused by an  external source  ,middleeastmonitor.com,Israel,explosion ship leaving saudi arabia caused external source,6
20201202T133000Z,https://en.portnews.ru/news/305640/,FESCO Ð¸ DB Ð¡argo send first container train from Europe to China through Brest and Vladivostok,en.portnews.ru,,fesco ð¸ db ð¡argo send first container train europe china brest vladivostok,11
20201027T154500Z,https://www.hellenicshippingnews.com/cai-mep-international-terminal-receives-ultra-large-container-ship/,Cai Mep International Terminal receives ultra - large container ship | Hellenic Shipping News Worldwide,hellenicshippingnews.com,China,cai mep international terminal receives ultra large container ship hellenic shipping news worldwide,4
20201209T120000Z,https://www.dailymail.co.uk/news/article-9034281/Cargo-ship-suffers-epic-losses-2-000-containers-topple-storm-en-route-Japan.html,"Cargo ship suffers epic losses after 2 , 000 containers topple over during a storm en route to Japan",dailymail.co.uk,United Kingdom,cargo ship suffers epic loss 2 000 container topple storm en route japan,2
20201206T193000Z,https://www.zerohedge.com/economics/ship-returning-japan-after-losing-record-number-containers-crossing-pacific,Ship Returning To Japan After Losing Record Number Of Containers While Crossing The Pacific,zerohedge.com,United States,ship returning japan losing record number container crossing pacific,2
20201214T151500Z,https://www.telegraph.co.uk/news/2020/12/14/blast-tanker-saudi-port-caused-external-source/,Blast on tanker in Saudi port caused by  external source  ,telegraph.co.uk,United Kingdom,blast tanker saudi port caused external source,3
20201201T030000Z,https://www.newindianexpress.com/states/andhra-pradesh/2020/dec/01/visakhapatnam-port-handles-bigger-vessel-2230245.html,Visakhapatnam port handles bigger vessel,newindianexpress.com,India,visakhapatnam port handle bigger vessel,4
20201214T101500Z,https://www.bangkokpost.com/world/2035143/explosion-rocks-singapore-flagged-tanker-off-saudi-port,Explosion rocks Singapore - flagged tanker off Saudi port,bangkokpost.com,Thailand,explosion rock singapore flagged tanker saudi port,6
20201010T041500Z,https://island.lk/sea-of-indecision-strikes-capacity-enhancement/,Sea of indecision strikes capacity enhancement,island.lk,Sri Lanka,sea indecision strike capacity enhancement,3
20201202T180000Z,https://www.nzherald.co.nz/business/big-visitor-to-northport-is-bringing-christmas-to-auckland/ER2LUCPTONNB4WY5NQGDYJ6SN4/,Big visitor to Northport is bringing Christmas to Auckland,nzherald.co.nz,New Zealand,big visitor northport bringing christmas auckland,12
20201224T160000Z,https://www.thecable.ng/ibom-deep-sea-port-emmanuels-final-industrialisation-trade-secret,Ibom Deep Sea Port : Emmanuel final industrialisation trade secret,thecable.ng,Nigeria,ibom deep sea port emmanuel final industrialisation trade secret,4
20201026T073000Z,https://www.bournemouthecho.co.uk/news/18821570.tanker-hijacking-sbs-forces-poole-storm-ship/,Tanker  hijacking : SBS forces from Poole storm ship,bournemouthecho.co.uk,United Kingdom,tanker hijacking sb force poole storm ship,3
20201029T111500Z,https://tribuneonlineng.com/how-endsars-protests-rendered-lagos-ports-unproductive/,How # EndSARS protests rendered Lagos ports unproductive,tribuneonlineng.com,Nigeria,endsars protest rendered lagos port unproductive,4
20201214T110000Z,https://news.sky.com/story/explosion-on-oil-tanker-off-saudi-arabia-caused-by-external-force-12160927,Explosion on oil tanker off Saudi Arabia caused by  external force  ,news.sky.com,United Kingdom,explosion oil tanker saudi arabia caused external force,6
20201206T111500Z,https://www.thehindubusinessline.com/economy/logistics/cochin-port-trust-takes-advantage-of-ongoing-congestion-at-colombo-port/article33263022.ece,Cochin Port Trust takes advantage of ongoing congestion at Colombo Port,thehindubusinessline.com,India,cochin port trust take advantage ongoing congestion colombo port,4
20201026T081500Z,https://news.sky.com/story/special-forces-did-exemplary-job-ending-a-suspected-tanker-hijacking-minister-says-12114822,"Special forces did  exemplary job  ending suspected tanker hijacking and crew are now safe , minister says",news.sky.com,United Kingdom,special force exemplary job ending suspected tanker hijacking crew safe minister say,3
20201214T073000Z,https://www.ksat.com/news/2020/12/14/external-source-causes-oil-tanker-blast-off-saudi-arabia/,  External source  causes oil tanker blast off Saudi Arabia,ksat.com,United States,external source cause oil tanker blast saudi arabia,3
20201105T113000Z,https://mb.com.ph/2020/11/05/vessel-operations-resume-in-several-routes-in-catanduanes/,Vessel operations resume in several routes in Catanduanes,mb.com.ph,Philippines,vessel operation resume several route catanduanes,12
20201209T030000Z,https://www.tradewindsnews.com/containerships/emergency-services-brought-in-as-one-apus-docks-in-japan/2-1-926781,Emergency services brought in as ONE Apus docks in Japan,tradewindsnews.com,China,emergency service brought one apus dock japan,12
20201122T061500Z,https://www.lankabusinessonline.com/hambantota-international-port-helps-ease-congestion-at-colombo-port/,Hambantota International Port helps ease congestion at Colombo Port,lankabusinessonline.com,Sri Lanka,hambantota international port help ease congestion colombo port,4
20201201T090000Z,https://www.indiatimes.com/trending/social-relevance/the-oslo-largest-cargo-ship-visakhapatnam-port-528691.html,  The Oslo  Arrives At Visakhapatnam Port,indiatimes.com,India,oslo arrives visakhapatnam port,4
20201008T104500Z,https://www.nbb.be/en/articles/belgian-ports-were-still-enjoying-favourable-headwinds-2019-covid-19-storm-hit,"Belgian ports were still enjoying favourable headwinds in 2019 , before COVID - 19 storm hit",nbb.be,Belgium,belgian port still enjoying favourable headwind 2019 covid 19 storm hit,4
20201201T213000Z,https://www.postandcourier.com/moultrie-news/moultrie-news/news/business/authority-chief-sc-port-poised-for-growth/article_d72c0742-30b8-11eb-9beb-eff09191526d.html,Authority chief : SC Port poised for growth,postandcourier.com,United States,authority chief sc port poised growth,4
20201210T131500Z,https://www.thehindubusinessline.com/economy/logistics/exim-trade-in-kochi-seek-more-mainline-ship-service/article33299329.ece,Exim trade in Kochi seek more mainline ship service - The Hindu BusinessLine,thehindubusinessline.com,India,exim trade kochi seek mainline ship service hindu businessline,2
20201123T091500Z,https://www.marineinsight.com/maritime-law/container-seals-importance-types-and-requirements/,"Container Seals - Importance , Types , And Requirements",marineinsight.com,United States,container seal importance type requirement,12
20201221T151500Z,https://www.hellenicshippingnews.com/one-apus-container-loss-shows-need-for-real-time-information/,ONE Apus container loss shows need for  real - time information  | Hellenic Shipping News Worldwide,hellenicshippingnews.com,China,one apus container loss show need real time information hellenic shipping news worldwide,12
20201216T060000Z,https://www.straitstimes.com/singapore/singapore-registered-oil-tanker-damaged-in-alleged-attack,Singapore - registered oil tanker damaged in alleged attack,straitstimes.com,Singapore,singapore registered oil tanker damaged alleged attack,3
20201122T190000Z,http://www.colombopage.com/archive_20B/Nov22_1606060399CH.php,Sri Lanka : Hambantota International Port helps ease congestion at Colombo Port,colombopage.com,Sri Lanka,sri lanka hambantota international port help ease congestion colombo port,4
20201205T111500Z,https://abcnews.go.com/International/wireStory/cargo-ship-attacked-off-yemen-unclear-circumstances-74553834,Cargo ship attacked off Yemen under unclear circumstances,abcnews.go.com,United States,cargo ship attacked yemen unclear circumstance,3
20201026T080000Z,https://www.daily-sun.com/post/514098/Record-foreign-ships-dock-in-Mongla-Port,Record foreign ships dock in Mongla Port - 514098,daily-sun.com,Bangladesh,record foreign ship dock mongla port 514098,9
20201214T064500Z,https://www.msn.com/en-us/news/world/oil-tanker-suffers-explosion-after-being-hit-by-e2-80-98external-source-e2-80-99-near-saudi-arabia-e2-80-99s-port-city/ar-BB1bU8DK,Oil tanker suffers explosion after being hit by  external source  near Saudi Arabia port city,msn.com,United States,oil tanker suffers explosion hit external source near saudi arabia port city,13
20201214T070000Z,https://www.msn.com/en-gb/news/world/e2-80-98external-source-e2-80-99-caused-explosion-of-oil-tanker-near-saudi-arabia-owner-says/ar-BB1bU4nw,"  External source  caused explosion of oil tanker near Saudi Arabia , owner says",msn.com,United States,external source caused explosion oil tanker near saudi arabia owner say,6
20201208T151500Z,https://www.chron.com/news/article/Libya-s-east-based-forces-seize-Turkish-owned-15784028.php,Libya east - based forces seize Turkish - owned vessel,chron.com,United States,libya east based force seize turkish owned vessel,3
20201214T054500Z,https://www.timesofisrael.com/explosion-hits-ship-off-saudi-red-sea-port-of-jiddah/,Explosion caused by  external source  hits ship off Saudi Red Sea port of Jiddah,timesofisrael.com,Israel,explosion caused external source hit ship saudi red sea port jiddah,6
20231101T204500Z,https://www.thedailystar.net/news/bangladesh/politics/countrywide-blockade/news/blockade-causing-bottlenecks-container-movement-3459146,Blockade causing bottlenecks in container movement,thedailystar.net,Bangladesh,blockade causing bottleneck container movement,12
20231228T014500Z,https://maritime-executive.com/article/singapore-surpasses-three-billion-gross-tons-for-annual-ship-arrivals,Singapore Surpasses Three Billion Gross Tons for Annual Ship Arrivals,maritime-executive.com,United States,singapore surpasses three billion gross ton annual ship arrival,2
20231125T143000Z,https://www.reuters.com/world/middle-east/israeli-managed-vessel-hit-by-suspected-iranian-drone-us-official-says-2023-11-25/,"Israeli - managed vessel hit by suspected Iranian drone , US official says",reuters.com,United States,israeli managed vessel hit suspected iranian drone u official say,3
20231125T194500Z,https://gcaptain.com/israeli-managed-vessel-hit-by-suspected-iranian-drone/,Israeli - Managed Vessel Hit By Suspected Iranian Drone,gcaptain.com,United States,israeli managed vessel hit suspected iranian drone,3
20231231T173000Z,https://www.breitbart.com:443/europe/2023/12/31/global-shipping-giant-maersk-halts-ships-passage-via-red-sea-for-48-hours/,Global Shipping Giant Maersk Halts Ship Passage via Red Sea for 48 Hours,breitbart.com,United States,global shipping giant maersk halt ship passage via red sea 48 hour,12
20231124T230000Z,https://www.gulf-times.com/article/672336/business/qterminals-debuts-remote-crane-operation-highest-productivity-ever-recorded-at-hamad-port,QTerminals debuts remote crane operation ; highest productivity ever recorded at Hamad Port,gulf-times.com,Qatar,qterminals debut remote crane operation highest productivity ever recorded hamad port,4
20231222T034500Z,https://sg.news.yahoo.com/red-sea-tensions-leave-global-032413166.html,"Red Sea tensions leave global supply chains in limbo , Singapore offers port relief",sg.news.yahoo.com,United States,red sea tension leave global supply chain limbo singapore offer port relief,4
20231106T053000Z,https://news.webindia123.com/news/Articles/Business/20231106/4136759.html,Mundra is India first port to handle cargo volumes of 16 MMT in a month,news.webindia123.com,India,mundra india first port handle cargo volume 16 mmt month,4
20231106T051500Z,https://www.ndtv.com/india-news/adani-groups-flagship-mundra-port-is-indias-first-port-to-handle-cargo-volumes-of-16-mmt-in-a-month-4548936,Adani Group Flagship Mundra Becomes India First Port To Handle 16 . 1 Million Tonnes Of Cargo,ndtv.com,India,adani group flagship mundra becomes india first port handle 16 1 million tonne cargo,4
20231121T080000Z,https://leadership.ng/terminal-to-receive-largest-container-in-west-africa/,Terminal To Receive Largest Container In West Africa,leadership.ng,Nigeria,terminal receive largest container west africa,4
20231216T033000Z,https://www.theguardian.com/world/2023/dec/16/shipping-companies-suspend-red-sea-traffic-after-yemen-rebel-attacks,Shipping companies suspend Red Sea traffic after Yemen rebel attacks,theguardian.com,United Kingdom,shipping company suspend red sea traffic yemen rebel attack,3
20231231T154500Z,https://timesofindia.indiatimes.com/world/us/us-strikes-kill-10-huthi-rebels-attacking-ship-in-red-sea/articleshow/106424250.cms,US strikes kill 10 Huthi rebels attacking ship in Red Sea,timesofindia.indiatimes.com,India,u strike kill 10 huthi rebel attacking ship red sea,3
20231231T174500Z,https://www.thehindu.com/news/international/us-strikes-kill-10-houthi-rebels-attacking-ship-in-red-sea/article67692239.ece,U . S . strikes kill 10 Houthi rebels attacking ship in Red Sea,thehindu.com,India,u strike kill 10 houthi rebel attacking ship red sea,3
20231215T193000Z,https://timesofoman.com/article/139788-yemen-maersk-halts-red-sea-shipping-after-another-attack,Yemen : Maersk halts Red Sea shipping after another attack,timesofoman.com,Oman,yemen maersk halt red sea shipping another attack,3
20231212T180000Z,https://www.latimes.com/world-nation/story/2023-12-12/missile-yemen-houthi-rebels-hits-norwegian-tanker-red-sea,Missile fired by Houthi rebels hits Norway - flagged tanker,latimes.com,United States,missile fired houthi rebel hit norway flagged tanker,3
20231006T180000Z,https://www.middleeastmonitor.com/20231006-turkiye-ship-not-damaged-in-black-sea-explosion-maritime-authority/,Turkiye ship not damaged in Black Sea explosion â€“ maritime authority,middleeastmonitor.com,Israel,turkiye ship damaged black sea explosion â€ “ maritime authority,6
20231006T124500Z,https://www.reuters.com/world/turkish-ship-not-damaged-black-sea-explosion-maritime-authority-2023-10-06/,Turkish ship not damaged in Black Sea explosion â€“ maritime authority,reuters.com,United States,turkish ship damaged black sea explosion â€ “ maritime authority,6
20231127T054500Z,https://www.standardmedia.co.ke/business/business/article/2001486170/mombasa-registers-more-cargo-as-kpa-ups-handling-efficiency,Mombasa registers more cargo as KPA ups handling efficiency,standardmedia.co.ke,Kenya,mombasa register cargo kpa ups handling efficiency,12
20240101T090000Z,https://www.gdnonline.com/Details/1299445,International Business : Maersk suspends Red Sea sailing after Houthi attack,gdnonline.com,United States,international business maersk suspends red sea sailing houthi attack,3
20231204T033000Z,https://www.scmp.com/news/world/middle-east/article/3243719/us-warship-shoots-down-drones-commercial-vessels-hit-houthi-attack-red-sea,US warship shoots down drones as commercial vessels hit by Houthi attack in Red Sea,scmp.com,China,u warship shoot drone commercial vessel hit houthi attack red sea,3
20231231T180000Z,https://economictimes.indiatimes.com/news/international/business/maersk-pauses-red-sea-sailings-after-houthi-attack-on-container-ship/articleshow/106424972.cms,Houthi attack : Maersk pauses Red Sea sailings after Houthi attack on container ship,economictimes.indiatimes.com,India,houthi attack maersk pause red sea sailing houthi attack container ship,3
20231215T223000Z,https://borneobulletin.com.bn/yemen-rebels-hit-cargo-ship-in-latest-red-sea-attack/,Yemen rebels hit cargo ship in latest Red Sea attack | Borneo Bulletin Online,borneobulletin.com.bn,Brunei,yemen rebel hit cargo ship latest red sea attack borneo bulletin online,3
20231231T131500Z,https://www.bloomberg.com/news/articles/2023-12-31/maersk-delays-red-sea-transits-again-after-ship-attacked-twice,Maersk Delays Red Sea Transits Again After Ship Attacked Twice,bloomberg.com,United States,maersk delay red sea transit ship attacked twice,1
20231215T161500Z,https://www.ibtimes.com/yemen-rebels-hit-cargo-ship-latest-red-sea-attack-3720786,Yemen Rebels Hit Cargo Ship In Latest Red Sea Attack,ibtimes.com,United States,yemen rebel hit cargo ship latest red sea attack,3
20231216T181500Z,https://www.dhakatribune.com/world/middle-east/334079/shipping-firms-suspend-red-sea-traffic-after-yemen,Shipping firms suspend Red Sea traffic after Yemen rebel strikes,dhakatribune.com,Bangladesh,shipping firm suspend red sea traffic yemen rebel strike,3
20231111T143000Z,https://www.thehindu.com/news/national/kerala/chinese-ship-crew-await-centres-clearance-to-berth-at-vizhinjam-port/article67524670.ece,"Chinese ship , crew await Centre clearance to berth at Vizhinjam port",thehindu.com,India,chinese ship crew await centre clearance berth vizhinjam port,4
20231215T191500Z,https://www.albawaba.com/news/houthi-strike-two-cargo-ships-red-sea-ballistic-missiles-1545251,Houthi strike two cargo ships in red sea with ballistic missiles,albawaba.com,Israel,houthi strike two cargo ship red sea ballistic missile,3
20231125T153000Z,https://www.vanguardngr.com/2023/11/israeli-owned-ship-hit-in-suspected-iran-drone-attack/,Israeli - owned ship hit in suspected Iran drone attack,vanguardngr.com,Nigeria,israeli owned ship hit suspected iran drone attack,3
20231121T024500Z,https://www.thestandard.com.hk/section-news/section/4/258000/Maritime-and-port-masterplan-in-works,Maritime and port masterplan in works,thestandard.com.hk,Hong Kong,maritime port masterplan work,12
20231012T204500Z,https://www.thedailystar.net/business/economy/news/foreign-vessels-face-hassles-getting-waivers-3442001,Foreign vessels face hassles getting waivers,thedailystar.net,Bangladesh,foreign vessel face hassle getting waiver,3
20231203T221500Z,https://www.marinelink.com/news/pentagon-aware-attacks-claimed-houthis-509857,Pentagon Aware Of Attacks Claimed By Houthis,marinelink.com,United States,pentagon aware attack claimed houthis,3
20231212T214500Z,https://www.nzherald.co.nz/world/yemens-houthi-rebels-strike-a-norwegian-flagged-tanker-in-the-red-sea-with-missile/HIVXUQDPVFBEXJ5545MW3VQSCE/,Yemen Houthi rebels strike a Norwegian - flagged tanker in the Red Sea with missile,nzherald.co.nz,New Zealand,yemen houthi rebel strike norwegian flagged tanker red sea missile,3
20231119T163000Z,https://www.ndtv.com/world-news/india-bound-ship-hijacked-by-yemens-houthi-rebels-in-red-sea-report-4587686,India - Bound Ship Hijacked By Yemen Houthi Rebels In Red Sea : Report,ndtv.com,India,india bound ship hijacked yemen houthi rebel red sea report,3
20231125T143000Z,https://www.brecorder.com/news/40275121/israeli-owned-ship-hit-in-suspected-iran-drone-attack-us-defence-official,Israeli - owned ship hit in suspected Iran drone attack : US defence official - World,brecorder.com,Pakistan,israeli owned ship hit suspected iran drone attack u defence official world,3
20231127T060000Z,https://timesofindia.indiatimes.com/world/middle-east/tanker-in-middle-east-safe-from-attackers-after-us-navy-responds-officials-say/articleshow/105524744.cms,"Tanker in Middle East safe from attackers after US navy responds , officials say",timesofindia.indiatimes.com,India,tanker middle east safe attacker u navy responds official say,3
20231127T094500Z,https://tribune.com.pk/story/2448141/tanker-in-middle-east-safe-from-attackers-after-us-navy-responds-officials-say,US Navy saves tanker in Middle East from attackers,tribune.com.pk,Pakistan,u navy save tanker middle east attacker,3
20231216T073000Z,https://www.ndtv.com/india-news/indian-navy-responds-to-hijacking-attempt-on-malta-ship-in-the-arabian-sea-4683893,Indian Navy Warship Comes To Aid Of Malta Vessel Hijacked In Arabian Sea,ndtv.com,India,indian navy warship come aid malta vessel hijacked arabian sea,3
20231024T124500Z,https://www.zawya.com/en/press-release/companies-news/gt-usas-canaveral-cargo-terminal-records-heaviest-lift-crane-operations-mm8gov7z,GT united states Canaveral Cargo Terminal records heaviest lift crane operations,zawya.com,United Arab Emirates,gt united state canaveral cargo terminal record heaviest lift crane operation,12
20231127T071500Z,https://www.brecorder.com/news/40275332/tanker-in-middle-east-safe-from-attackers-after-us-navy-responds-officials-say,"Tanker in Middle East safe from attackers after US Navy responds , officials say - World",brecorder.com,Pakistan,tanker middle east safe attacker u navy responds official say world,3
20240101T003000Z,https://www.prokerala.com/news/articles/a1492680.html,Yemen Houthi group says 10 fighters killed by US Navy forces in Red Sea,prokerala.com,India,yemen houthi group say 10 fighter killed u navy force red sea,3
20231203T211500Z,https://www.jpost.com/middle-east/article-776378,Pentagon aware of attacks claimed by Houthis on ships in Red Sea,jpost.com,Israel,pentagon aware attack claimed houthis ship red sea,3
20231126T184500Z,https://www.marketscreener.com/news/latest/Israeli-linked-chemical-tanker-seized-in-Gulf-of-Aden-US-official-vessel-company-45439097/,"Israeli - linked chemical tanker seized in Gulf of Aden - US official , vessel company",marketscreener.com,,israeli linked chemical tanker seized gulf aden u official vessel company,3
20231204T054500Z,https://www.unionleader.com/news/world/multiple-commercial-vessels-attacked-in-red-sea/article_b5f61d5c-3667-5963-8427-0e0624d534c2.html,Multiple commercial vessels attacked in Red Sea,unionleader.com,United States,multiple commercial vessel attacked red sea,3
20231219T054500Z,https://www.nwitimes.com/news/local/former-port-of-indiana-burns-harbor-director-returns-to-work-on-business-development-initiative/article_081c729c-9df3-11ee-8b12-cba39908401d.html,Former Port of Indiana - Burns Harbor director returns to work on business development initiative,nwitimes.com,United States,former port indiana burn harbor director return work business development initiative,4
20231219T064500Z,https://allafrica.com/stories/202312190070.html,Somalia : Experts Warn That Somali Pirates May Cooperate With Yemen Houthis,allafrica.com,Nigeria,somalia expert warn somali pirate may cooperate yemen houthis,3
20231215T154500Z,https://www.dw.com/en/german-ship-al-jasrah-attacked-near-yemen-in-the-red-sea/a-67728286,German container ship attacked in Red Sea off Yemen coast â€“ DW â€“ 12 / 15 / 2023,dw.com,Germany,german container ship attacked red sea yemen coast â€ “ dw â€ “ 12 15 2023,3
20231024T213000Z,https://www.ajot.com/news/port-of-oakland-september-container-volume-holds-steady,Port of Oakland September container volume holds steady,ajot.com,United States,port oakland september container volume hold steady,4
20231121T130000Z,https://www.livemint.com/news/world/indiabound-cargo-ship-hijacked-by-houthi-rebels-in-rea-sea-watch-11700568921144.html,India - bound cargo ship hijacked by Houthi rebels in Rea Sea | Watch,livemint.com,India,india bound cargo ship hijacked houthi rebel rea sea watch,3
20231019T050000Z,https://www.forkliftaction.com/news/haiphong-orders-30-mitsui-cranes.aspx?n=28524,"Haiphong orders 30 Mitsui cranes , Viet Nam . News story in Forkliftaction News",forkliftaction.com,United States,haiphong order 30 mitsui crane viet nam news story forkliftaction news,12
20231125T140000Z,https://www.ndtv.com/world-news/israeli-owned-ship-damaged-in-suspected-drone-attack-by-iran-us-official-4605218,Israeli - Owned Ship Damaged In Suspected Drone Attack By Iran : US Official,ndtv.com,India,israeli owned ship damaged suspected drone attack iran u official,3
20231203T223000Z,https://www.abc.net.au/news/2023-12-04/pentagon-aware-of-reports-us-warship-attacked-in-red-sea/103183482,Pentagon aware of reports US warship attacked in Red Sea by Yemen Houthi group,abc.net.au,Australia,pentagon aware report u warship attacked red sea yemen houthi group,3
20231203T233000Z,https://www.abc.net.au/news/2023-12-04/us-warship-shot-down-houthi-drone-attacking-vessels-in-red-sea/103183482,"US warship shot down Houthi drone attacking vessels in Red Sea , US military says",abc.net.au,Australia,u warship shot houthi drone attacking vessel red sea u military say,3
20231231T204500Z,https://www.algemeiner.com/2023/12/31/u-s-intercepts-houthi-ballistic-anti-ship-missiles-in-red-sea/,U . S . Intercepts Houthi Ballistic Anti - Ship Missiles in Red Sea,algemeiner.com,Israel,u intercept houthi ballistic anti ship missile red sea,3
20231218T061500Z,https://www.the-star.co.ke/business/kenya/2023-12-18-kenya-eac-stare-at-costly-imports-as-shipping-lines-shun-red-sea/,"Kenya , EAC stare at costly imports as shipping lines shun Red Sea",the-star.co.ke,Kenya,kenya eac stare costly import shipping line shun red sea,3
20231231T170000Z,https://tribune.com.pk/story/2451729/houthi-militants-attack-container-ship-maersk-halts-red-sea-sailing,"Houthis attack container ship , Maersk halts Red Sea sailing",tribune.com.pk,Pakistan,houthis attack container ship maersk halt red sea sailing,3
20231018T024500Z,https://www.9news.com.au/national/clive-palmer-40m-superyacht-freed-after-running-aground-in-singapore/149a4868-275e-4246-b389-2b946026f3ba,Clive Palmer $40 million superyacht freed,9news.com.au,Australia,clive palmer 40 million superyacht freed,12
20231215T134500Z,https://www.kob.com/news/business-money/2-attacks-launched-from-rebel-held-yemen-strike-container-ships-in-vital-red-sea-corridor/,2 attacks launched from rebel - held Yemen strike container ships in vital Red Sea corridor,kob.com,United States,2 attack launched rebel held yemen strike container ship vital red sea corridor,3
20231106T193000Z,https://www.hellenicshippingnews.com/contecon-manzanillos-record-volume-in-a-single-vessel-call/,Contecon Manzanillo record volume in a single vessel call | Hellenic Shipping News Worldwide,hellenicshippingnews.com,China,contecon manzanillo record volume single vessel call hellenic shipping news worldwide,12
20231230T124500Z,https://www.channelnewsasia.com/singapore/chinese-fishing-boat-sinks-collision-singapore-flagged-tanker-crew-missing-4017781,8 crew members missing from Chinese fishing boat after collision with Singapore - flagged tanker in China,channelnewsasia.com,United States,8 crew member missing chinese fishing boat collision singapore flagged tanker china,2
20231231T133000Z,https://www.businessinsider.com/us-navy-helicopters-destroy-iran-backed-houthi-boats-red-sea-2023-12,US Navy Helicopters Kill Iran - Backed Houthis Fighters in Red Sea Hijack,businessinsider.com,United States,u navy helicopter kill iran backed houthis fighter red sea hijack,3
20231231T033000Z,https://www.theguardian.com/world/2023/dec/31/missile-hits-red-sea-container-ship-us-destroyers-shoot-down-two-more,"Missile hits Red Sea container ship , US destroyers shoot down two more",theguardian.com,United Kingdom,missile hit red sea container ship u destroyer shoot two,2
20231231T113000Z,https://www.barrons.com/news/maersk-suspends-vessels-passage-through-red-sea-strait-for-48-hours-f7fd0e2e,Maersk Halts Ship Passage Via Red Sea Strait For 48 Hours,barrons.com,China,maersk halt ship passage via red sea strait 48 hour,3
20231212T203000Z,https://katu.com/news/nation-world/houthi-rebels-in-yemen-accidentally-strike-norwegian-tanker-in-red-sea-with-missile-iran-saudi-arabia-shipping-international-waters-maritime-response-israel-hamas-gaza-war-drone-trade-foreign-policy-diplomacy,Houthi rebels in Yemen accidentally strike Norwegian tanker in Red Sea with missile,katu.com,United States,houthi rebel yemen accidentally strike norwegian tanker red sea missile,3
20231231T164500Z,https://timesofmalta.com/articles/view/us-military-sinks-huthi-vessels-attacked-cargo-ship-red-sea.1075677,US military sinks Huthi vessels that attacked cargo ship in Red Sea,timesofmalta.com,Malta,u military sink huthi vessel attacked cargo ship red sea,3
20231213T051500Z,https://www.theglobeandmail.com/investing/markets/commodities/YMU19/pressreleases/22651314/a-missile-fired-by-yemens-houthi-rebels-strikes-a-norwegian-flagged-tanker-in-the-red-sea/,A missile fired by Yemen Houthi rebels strikes a Norwegian - flagged tanker in the Red Sea,theglobeandmail.com,Canada,missile fired yemen houthi rebel strike norwegian flagged tanker red sea,3
20231231T153000Z,https://www.khaleejtimes.com/world/mena/us-says-it-sank-houthi-vessels-that-attacked-cargo-ship-in-red-sea,US says it sank Houthi vessels that attacked cargo ship in Red Sea,khaleejtimes.com,United Arab Emirates,u say sank houthi vessel attacked cargo ship red sea,3
20231216T064500Z,https://www.fleetmon.com/maritime-news/2023/43977/redarabian-sea-attacks-updates-too-much-coincidenc/,Red / Arabian sea attacks UPDATES . Too much coincidences worldwide . ,fleetmon.com,,red arabian sea attack update much coincidence worldwide,3
20231231T140000Z,https://asia.nikkei.com/Spotlight/Supply-Chain/Maersk-pauses-Red-Sea-sailings-after-Houthi-attack-on-container-ship,Maersk pauses Red Sea sailings after Houthi attack on container ship - Nikkei Asia,asia.nikkei.com,Japan,maersk pause red sea sailing houthi attack container ship nikkei asia,3
20231213T030000Z,https://www.wfmz.com/news/ap/ap-business/a-missile-fired-by-yemen-s-houthi-rebels-strikes-a-norwegian-flagged-tanker-in-the/article_46b615f9-6ddb-528e-963a-94a0ceb6fd14.html,A missile fired by Yemen Houthi rebels strikes a Norwegian - flagged tanker in the Red Sea | Associated Press,wfmz.com,United States,missile fired yemen houthi rebel strike norwegian flagged tanker red sea associated press,3
20231231T140000Z,https://www.channelnewsasia.com/world/maersk-container-vessel-sailing-pause-houthi-attack-red-sea-yemen-israel-hamas-war-4018741,Maersk pauses Red Sea sailings after Houthi attack on Singapore - flagged container ship,channelnewsasia.com,United States,maersk pause red sea sailing houthi attack singapore flagged container ship,3
20231208T211500Z,https://gcaptain.com/shadow-fleet-tanker-grounding-near-singapore-underscores-environmental-risks/,Shadow Fleet Tanker Grounding Near Singapore Underscores Environmental Risks,gcaptain.com,United States,shadow fleet tanker grounding near singapore underscore environmental risk,3
20231015T173000Z,https://www.thehindu.com/news/national/kerala/with-berthing-of-first-ship-vizhinjam-sails-into-keralas-maritime-history/article67424031.ece,"With berthing of first ship , Vizhinjam sails into Kerala maritime history",thehindu.com,India,berthing first ship vizhinjam sail kerala maritime history,12
20231215T150000Z,https://www.ctvnews.ca/world/ballistic-missile-fired-from-rebel-held-yemen-strikes-cargo-ship-in-red-sea-after-earlier-attack-1.6688642,Red Sea attacks : Ballistic missile from rebel - held Yemen strikes cargo,ctvnews.ca,Canada,red sea attack ballistic missile rebel held yemen strike cargo,3
20231215T121500Z,https://www.washingtontimes.com/news/2023/dec/15/ballistic-missile-fired-rebel-held-yemen-strikes-c/,Ballistic missile fired from rebel - held Yemen strikes cargo ship in Red Sea after earlier attack,washingtontimes.com,United States,ballistic missile fired rebel held yemen strike cargo ship red sea earlier attack,3
20231219T204500Z,https://gcaptain.com/some-lng-carriers-avoid-red-sea/,SomeÂ LNGÂ Carriers Avoid Red Sea as Attacks Increase,gcaptain.com,United States,someâ lngâ carrier avoid red sea attack increase,3
20231215T150000Z,https://www.bbc.com/news/world-middle-east-67727601,Cargo ships in Red Sea hit by drone and missiles launched from Yemen,bbc.com,United Kingdom,cargo ship red sea hit drone missile launched yemen,3
20231220T221500Z,https://www.standardmedia.co.ke/business/article/2001487659/port-records-high-cargo-volumes-despite-harsh-economic-times,Port records high cargo volumes despite harsh economic times,standardmedia.co.ke,Kenya,port record high cargo volume despite harsh economic time,4
20231103T130000Z,https://www.cnbc.com/2023/11/03/panama-canal-drought-hits-new-crisis-level-amid-severe-el-nino.html,Panama Canal drought hits new crisis level amid severe El Nino,cnbc.com,United States,panama canal drought hit new crisis level amid severe el nino,12
20231216T044500Z,https://www.arise.tv/cargo-ships-attacked-in-red-sea-us-blames-houthis-from-yemen/,Cargo Ships Attacked in Red Sea : US Blames Houthis From Yemen,arise.tv,,cargo ship attacked red sea u blame houthis yemen,3
20231231T111500Z,https://www.news24.com/fin24/companies/maersk-halts-ships-passage-via-red-sea-strait-for-48-hours-after-attack-20231231,Maersk halts ship passage via Red Sea strait for 48 hours after attack,news24.com,South Africa,maersk halt ship passage via red sea strait 48 hour attack,3
20240101T044500Z,https://www.livemint.com/news/world/maersk-suspends-ships-passage-via-red-sea-strait-for-48-hours-11704072288313.html,Maersk suspends ship passage via Red Sea strait for 48 hours,livemint.com,India,maersk suspends ship passage via red sea strait 48 hour,3
20231005T133000Z,https://www.marinelink.com/news/port-rotterdam-offers-substantial-port-508551,Port Of Rotterdam Offers  Substantial  Port Fee,marinelink.com,United States,port rotterdam offer substantial port fee,4
20231118T120000Z,https://menafn.com/1107449864/Grain-Ship-Hits-Floating-Mine-In-Black-Sea-Reuters,Grain Ship Hits Floating Mine In Black Sea - Reuters,menafn.com,Qatar,grain ship hit floating mine black sea reuters,11
20231123T180000Z,https://news.webindia123.com/news/Articles/India/20231123/4142413.html,Union Minister Sonowal reviews progress of proposed International Container Transhipment Port project,news.webindia123.com,India,union minister sonowal review progress proposed international container transhipment port project,4
20231121T054500Z,https://www.thesun.co.uk/news/24800746/iran-backed-militia-helicopter-cargo-ship-israeli-billionaire-hijack/,Moment Iran - backed militia drop from helicopter onto cargo ship owned by Israeli billionaire in dramatic mid - sea hijack,thesun.co.uk,United Kingdom,moment iran backed militia drop helicopter onto cargo ship owned israeli billionaire dramatic mid sea hijack,2
20231106T070000Z,https://organiser.org/2023/11/06/205046/bharat/gujarat-mundra-port-achieves-historic-milestone-handles-record-16-1-mmt-of-cargo-in-october/,Gujarat : Mundra Port achieves historic milestone ; handles record 16 . 1 MMT of cargo in October,organiser.org,India,gujarat mundra port achieves historic milestone handle record 16 1 mmt cargo october,4
20231215T180000Z,https://www.dw.com/en/yemen-maersk-halts-red-sea-shipping-after-another-attack/a-67728286,Yemen : Maersk halts Red Sea shipping after another attack â€“ DW â€“ 12 / 15 / 2023,dw.com,Germany,yemen maersk halt red sea shipping another attack â€ “ dw â€ “ 12 15 2023,3
20231231T131500Z,https://www.prokerala.com/news/articles/a1492606.html,Maersk suspends passage of vessels through Red Sea after attack on its merchant ship,prokerala.com,India,maersk suspends passage vessel red sea attack merchant ship,3
20231217T063000Z,https://eng.mizzima.com/2023/12/17/5403,Shipping firms suspend Red Sea traffic after Yemen rebel strikes â€“ ENG . MIZZIMA . COM,eng.mizzima.com,Myanmar,shipping firm suspend red sea traffic yemen rebel strike â€ “ eng mizzima com,3
20240101T013000Z,https://www.telegraphindia.com/feeds/world/maersk-pauses-red-sea-sailings-after-iranian-backed-houthi-attack-on-container-ship/cid/1990664,Red Sea | Maersk pauses Red Sea sailings after Iranian - backed Houthi attack on container ship,telegraphindia.com,India,red sea maersk pause red sea sailing iranian backed houthi attack container ship,3
20231017T041500Z,https://www.theguardian.com/australia-news/2023/oct/17/clive-palmer-superyacht-runs-aground-singapore-yacht,Clive Palmer $40m superyacht runs aground in Singapore | Clive Palmer,theguardian.com,United Kingdom,clive palmer 40m superyacht run aground singapore clive palmer,12
20231128T020000Z,https://malaya.com.ph/news_news/2-pinoy-seamen-safe-after-foiled-hijack-try-on-commercial-tanker/,2 Pinoy seamen safe after foiled hijack try on commercial ta,malaya.com.ph,Philippines,2 pinoy seaman safe foiled hijack try commercial ta,12
20231231T133000Z,https://www.barrons.com/news/us-military-says-it-sank-huthi-vessels-that-attacked-cargo-ship-in-red-sea-8ea9a6f3,US Military Says It Sank Huthi Vessels That Attacked Cargo Ship In Red Sea,barrons.com,China,u military say sank huthi vessel attacked cargo ship red sea,3
20231121T133000Z,https://thenews-chronicle.com/lagos-to-host-worlds-largest-container-roro-vessel/,Lagos to Host World Largest Container - RORO Vessel,thenews-chronicle.com,Nigeria,lagos host world largest container roro vessel,3
20231215T151500Z,https://www.aol.com/news/liberian-flagged-cargo-ship-hit-075139224.html,2 attacks launched by Yemen Houthi rebels strike container ships in vital Red Sea corridor,aol.com,United States,2 attack launched yemen houthi rebel strike container ship vital red sea corridor,3
20231231T130000Z,https://www.canberratimes.com.au/story/8473379/us-forces-repel-houthi-attack-on-maersk-ship-in-red-sea/?cs=14264,US forces repel Houthi attack on Maersk ship in Red Sea,canberratimes.com.au,Australia,u force repel houthi attack maersk ship red sea,3
20231231T133000Z,https://www.zawya.com/en/world/middle-east/maersk-pauses-red-sea-sailings-after-houthi-attack-on-container-ship-p0cltly6,Maersk pauses Red Sea sailings after Houthi attack on container ship,zawya.com,United Arab Emirates,maersk pause red sea sailing houthi attack container ship,3
20231215T174500Z,https://www.pbs.org/newshour/world/yemens-houthi-rebels-attack-container-ships-in-vital-red-sea-corridor,Yemen Houthi rebels attack container ships in vital Red Sea corridor,pbs.org,United States,yemen houthi rebel attack container ship vital red sea corridor,3
20231215T213000Z,https://www.stuff.co.nz/world/middle-east/301028075/world-shipping-giant-maersk-pauses-red-sea-journeys-after-houthi-ballistic-missile-attacks,World shipping giant Maersk pauses Red Sea journeys after Houthi ballistic missile attacks,stuff.co.nz,New Zealand,world shipping giant maersk pause red sea journey houthi ballistic missile attack,3
20231104T020000Z,https://www.eastbaytimes.com/2023/11/03/protesters-demanding-ceasefire-in-israel-hamas-war-gather-at-port-of-oakland/,Protesters demanding ceasefire in Israel - Hamas war gather at Port of Oakland,eastbaytimes.com,United States,protester demanding ceasefire israel hamas war gather port oakland,4
20231206T223000Z,https://www.dailymail.co.uk/news/article-12834113/Hijacked-cargo-ship-tourist-attraction-Groups-men-seen-taking-tours-Galaxy-Leader-Iran-Houthi-rebels-sieged-vessel-Red-Sea.html,Hijacked cargo ship becomes  tourist attraction  ,dailymail.co.uk,United Kingdom,hijacked cargo ship becomes tourist attraction,2
20231101T200000Z,https://www.hellenicshippingnews.com/sea-robbery-onboard-a-bulk-carrier-in-the-strait-of-malacca/,Sea Robbery Onboard a Bulk Carrier in the Strait of Malacca | Hellenic Shipping News Worldwide,hellenicshippingnews.com,China,sea robbery onboard bulk carrier strait malacca hellenic shipping news worldwide,12
20231231T184500Z,https://gcaptain.com/maersk-halts-red-sea-transits-again-after-houthi-missile-and-boat-swarm-attack/,Maersk Halts Red Sea Transits Again After Houthi Missile And Boat Swarm Attack,gcaptain.com,United States,maersk halt red sea transit houthi missile boat swarm attack,3
